"Id","HomeTeam","HomeScore","AwayTeam","AwayScore","FormattedSpread","LineProvider","OverUnder","Spread","OpeningSpread","OpeningOverUnder","HomeMoneyline","AwayMoneyline"
"401752920","Rutgers","36","Penn State","40","Penn State -14","DraftKings","55.5","14","11.5","","440","-600"
"401838053","Arkansas State","34","Missouri State","28","Arkansas State -1.5","DraftKings","55.5","-1.5","","","-125","105"
"401778326","Illinois","30","Tennessee","28","Tennessee -3","DraftKings","62.5","3","5.5","61.5","120","-142"
"401778314","Minnesota","20","New Mexico","17","Minnesota -1.5","DraftKings","44.5","-1.5","","47.5","-125","105"
"401778325","Louisiana Tech","23","Coastal Carolina","14","Louisiana Tech -10","DraftKings","51.5","-10","","","-375","295"
"401752889","Ohio State","38","Penn State","14","Ohio State -17.5","DraftKings","45.5","-17.5","-4","","-1050","675"
"401757308","Middle Tennessee","31","Sam Houston","17","Middle Tennessee -6.5","DraftKings","53.5","-6.5","-4.5","","-245","200"
"401757309","UTEP","31","New Mexico State","34","UTEP -4","DraftKings","44.5","-4","-2.5","","-192","160"
"401762511","UAB","18","South Florida","48","South Florida -21.5","DraftKings","68.5","21.5","21.5","","1000","-1800"
"401754600","North Carolina","25","Duke","32","Duke -7","DraftKings","50.5","7","-1.5","","205","-250"
"401754604","Notre Dame","70","Syracuse","7","Notre Dame -36.5","DraftKings","51.5","-36.5","-34.5","","",""
"401757305","Florida International","27","Jacksonville State","21","Florida International -2.5","DraftKings","55.5","-2.5","1.5","","-125","105"
"401761658","South Alabama","42","Southern Miss","35","Southern Miss -2.5","DraftKings","53.5","2.5","3","","110","-130"
"401769073","Georgia","34","Ole Miss","39","Georgia -6","DraftKings","53.5","-6","","","-218","180"
"401769075","Ole Miss","27","Miami","31","Miami -3","DraftKings","52.5","3","","","142","-170"
"401769071","Texas Tech","0","Oregon","23","Texas Tech -1.5","DraftKings","50.5","-1.5","","52.5","-115","-105"
"401769070","Ohio State","14","Miami","24","Ohio State -7.5","DraftKings","39.5","-7.5","-10","","-325","260"
"401778323","Houston","38","LSU","35","Houston -1.5","DraftKings","43.5","-1.5","","","-110","-110"
"401778319","BYU","25","Georgia Tech","21","BYU -3.5","DraftKings","54.5","-3.5","","56.5","-170","142"
"401778327","TCU","30","USC","27","USC -4.5","DraftKings","56.5","4.5","","","164","-198"
"401778322","Missouri","7","Virginia","13","Missouri -4","DraftKings","43.5","-4","","","-185","154"
"401769076","Indiana","27","Miami","21","Indiana -7.5","DraftKings","46.5","-7.5","","","-305","245"
"401752845","Wisconsin","10","Maryland","27","Wisconsin -10.5","DraftKings","44.5","-10.5","-7.5","","-410","320"
"401754552","North Carolina","10","Clemson","38","Clemson -15.5","DraftKings","47.5","15.5","13.5","","470","-650"
"401752868","USC","31","Michigan","13","USC -3","DraftKings","58.5","-3","1.5","","-166","140"
"401754574","Pittsburgh","53","NC State","34","Pittsburgh -4.5","DraftKings","52.5","-4.5","-7.5","","-205","170"
"401752891","Illinois","35","Rutgers","13","Illinois -13.5","DraftKings","63.5","-13.5","-10.5","","-500","380"
"401752890","Michigan","21","Purdue","16","Michigan -21","DraftKings","48.5","-21","-20.5","","-1800","1000"
"401756946","UCF","27","Houston","30","UCF -1.5","DraftKings","47.5","-1.5","2.5","","-118","-102"
"401756964","Kansas","21","Utah","31","Utah -10","DraftKings","60.5","10","13.5","","330","-425"
"401756961","Arizona State","7","Arizona","23","Arizona -1.5","DraftKings","48.5","1.5","1.5","","102","-122"
"401761616","UL Monroe","28","Arkansas State","16","UL Monroe -1.5","DraftKings","55.5","-1.5","-1.5","","-115","-105"
"401761618","Georgia State","7","James Madison","14","James Madison -19.5","DraftKings","52.5","19.5","17.5","","800","-1350"
"401761625","James Madison","24","Louisiana","14","James Madison -18.5","DraftKings","44.5","-18.5","-17.5","","-1050","675"
"401761644","App State","23","Georgia Southern","25","App State -4.5","DraftKings","62.5","-4.5","-5.5","","-198","164"
"401762500","South Florida","55","UTSA","23","South Florida -14","DraftKings","66.5","-14","-12.5","","-600","440"
"401756846","Kansas State","21","Iowa State","24","Kansas State -3.5","DraftKings","49.5","-3.5","-3.5","49.5","-162","136"
"401760374","Hawai'i","21","Fresno State","23","Fresno State -2.5","DraftKings","47.5","2.5","3.5","","110","-130"
"401760388","Colorado State","49","Fresno State","21","Fresno State -5.5","DraftKings","47.5","5.5","7","","170","-205"
"401760402","Boise State","7","Fresno State","30","Boise State -17.5","DraftKings","47.5","-17.5","-17.5","","-1000","650"
"401756943","Arizona","24","Kansas","20","Arizona -5.5","DraftKings","56.5","-5.5","-3.5","","-218","180"
"401760423","San José State","14","Fresno State","41","Fresno State -3","DraftKings","45.5","3","2.5","","136","-162"
"401756847","Kansas","31","Fresno State","7","Kansas -14","DraftKings","51.5","-14","-14","51.5","-550","410"
"401762789","Akron","0","Wyoming","10","Wyoming -8.5","DraftKings","49.5","8.5","8.5","49.5","260","-325"
"401752802","Michigan State","23","Western Michigan","6","Michigan State -18.5","DraftKings","49.5","-18.5","-18.5","49.5","-950","625"
"401757224","Sam Houston","21","UNLV","38","UNLV -13.5","DraftKings","58.5","13.5","13.5","58.5","380","-500"
"401757218","Western Kentucky","41","Sam Houston","24","Western Kentucky -9.5","DraftKings","60.5","-9.5","-9.5","60.5","-360","285"
"401756849","Arizona","40","Hawai'i","6","Arizona -13.5","DraftKings","55.5","-13.5","-13.5","55.5","-550","410"
"401754539","Virginia","48","Stanford","20","Virginia -16.5","DraftKings","48.5","-16.5","-14.5","","-750","525"
"401752723","Texas","55","Sam Houston","0","Texas -39.5","DraftKings","51.5","-39.5","-40.5","","",""
"401760378","Air Force","35","Hawai'i","44","Air Force -7","DraftKings","52.5","-7","-5.5","","-278","225"
"401752875","Iowa","25","Penn State","24","Iowa -3","DraftKings","41.5","-3","-1.5","","-162","136"
"401752944","Oregon State","17","Sam Houston","21","Oregon State -21","DraftKings","52.5","-21","-17.5","","-1450","850"
"401752884","Purdue","24","Rutgers","27","Purdue -2.5","DraftKings","60.5","-2.5","2.5","","-142","120"
"401760392","Air Force","24","Wyoming","21","Air Force -4","DraftKings","56.5","-4","-6","","-180","150"
"401752855","UCLA","42","Penn State","37","Penn State -24.5","DraftKings","48.5","24.5","27.5","","1200","-2400"
"401757291","Missouri State","28","Florida International","21","Missouri State -3","DraftKings","49.5","-3","-2.5","","-148","124"
"401752673","Southern Miss","17","Mississippi State","34","Mississippi State -11.5","DraftKings","59.5","11.5","11.5","59.5","340","-440"
"401754523","North Carolina","14","TCU","48","TCU -3","DraftKings","59.5","3","3","59.5","130","-155"
"401752835","Penn State","52","Villanova","6","Penn State -46.5","DraftKings","57.5","-46.5","-47.5","","",""
"401761605","Georgia State","37","Murray State","21","Georgia State -31.5","DraftKings","63.5","-31.5","","","-10000","3000"
"401760368","Utah State","49","Air Force","30","Air Force -4","DraftKings","51.5","4","","","154","-185"
"401752709","Miami","26","Florida","7","Miami -8.5","DraftKings","51.5","-8.5","-3.5","","-340","270"
"401754640","UCF","34","North Carolina","9","UCF -7","DraftKings","46.5","-7","-3.5","","-245","200"
"401760373","Colorado State","16","UTSA","17","UTSA -4.5","DraftKings","58.5","4.5","4.5","","180","-218"
"401757260","Jacksonville State","45","Murray State","10","Jacksonville State -35.5","DraftKings","60.5","-35.5","-35.5","","",""
"401756907","Oklahoma State","27","Baylor","45","Baylor -21","DraftKings","58.5","21","17.5","","850","-1450"
"401757170","Buffalo","17","UConn","20","UConn -3","DraftKings","51.5","3","2.5","","130","-155"
"401757269","Southern Miss","42","Jacksonville State","25","Southern Miss -4.5","DraftKings","55.5","-4.5","-2.5","","-192","160"
"401762478","Memphis","45","Tulsa","7","Memphis -21","DraftKings","54.5","-21","-21","","-1650","950"
"401752734","Missouri","24","Alabama","27","Alabama -3","DraftKings","50.5","3","6.5","","130","-155"
"401762835","Bowling Green","28","Toledo","23","Toledo -10.5","DraftKings","45.5","10.5","7","","320","-410"
"401762836","Eastern Michigan","16","Northern Illinois","10","Northern Illinois -1.5","DraftKings","48.5","1.5","-1.5","","-102","-118"
"401762837","Kent State","42","Massachusetts","6","Kent State -1.5","DraftKings","49.5","-1.5","-3","","-115","-105"
"401762485","UTSA","61","Rice","13","UTSA -8.5","DraftKings","48.5","-8.5","-10.5","","-340","270"
"401752941","Oregon State","45","Lafayette","13","Oregon State -21","DraftKings","56.5","-21","","","-2100","1100"
"401754567","Stanford","20","Florida State","13","Florida State -17.5","DraftKings","55.5","17.5","16.5","","575","-850"
"401757287","Delaware","31","Middle Tennessee","28","Delaware -8.5","DraftKings","55.5","-8.5","-10.5","","-345","275"
"401757288","New Mexico State","17","Missouri State","24","Missouri State -2.5","DraftKings","51.5","2.5","1.5","","114","-135"
"401761634","Georgia State","31","South Alabama","38","South Alabama -6","DraftKings","53.5","6","6.5","","185","-225"
"401762492","Charlotte","20","North Texas","54","North Texas -25.5","DraftKings","60.5","25.5","27.5","","1300","-2800"
"401752772","Texas A&M","31","South Carolina","30","Texas A&M -16.5","DraftKings","49.5","-16.5","-18.5","","-900","600"
"401752769","Ole Miss","34","Florida","24","Ole Miss -10.5","DraftKings","53.5","-10.5","-7.5","","-440","340"
"401752900","Ohio State","48","UCLA","10","Ohio State -33.5","DraftKings","46.5","-33.5","-31.5","","-6500","2000"
"401752770","Missouri","49","Mississippi State","27","Missouri -7.5","DraftKings","50.5","-7.5","","50.5","-278","225"
"401762791","Wisconsin","17","Miami (OH)","0","Wisconsin -17.5","DraftKings","40.5","-17.5","-17.5","40.5","-1100","700"
"401754374","Wake Forest","10","Kennesaw State","9","Wake Forest -17.5","DraftKings","51.5","-17.5","-17.5","51.5","-1000","650"
"401760383","Fresno State","20","Nevada","17","Fresno State -12.5","DraftKings","45.5","-12.5","-15.5","","-520","390"
"401754559","Florida State","31","Pittsburgh","34","Florida State -10.5","DraftKings","56.5","-10.5","-8.5","","-410","320"
"401752864","Minnesota","27","Purdue","20","Minnesota -7.5","DraftKings","49.5","-7.5","-10.5","","-298","240"
"401761641","UL Monroe","6","Old Dominion","31","Old Dominion -16.5","DraftKings","55.5","16.5","14","","575","-850"
"401752696","Alabama","38","Wisconsin","14","Alabama -17.5","DraftKings","45.5","-17.5","","","-1200","750"
"401752856","Michigan","24","Wisconsin","10","Michigan -17.5","DraftKings","42.5","-17.5","-16.5","","-800","550"
"401762479","Temple","27","UTSA","21","UTSA -6.5","DraftKings","58.5","6.5","6.5","","205","-250"
"401762873","Northern Illinois","14","Miami (OH)","25","Miami (OH) -4.5","DraftKings","38.5","4.5","1.5","","160","-192"
"401762833","Akron","7","Miami (OH)","20","Miami (OH) -11.5","DraftKings","47.5","11.5","9.5","","350","-455"
"401762852","Ohio","24","Miami (OH)","20","Ohio -2.5","DraftKings","50.5","-2.5","-3.5","","-148","124"
"401761589","Charlotte","11","App State","34","App State -8.5","DraftKings","53.5","8.5","8.5","53.5","260","-325"
"401761607","Southern Miss","38","App State","22","App State -3","DraftKings","55.5","3","","","130","-155"
"401762475","South Florida","54","Charlotte","26","South Florida -27.5","DraftKings","54.5","-27.5","-26.5","","-5000","1800"
"401752736","Texas","23","Oklahoma","6","Texas -2.5","DraftKings","44.5","-2.5","-9.5","","-142","120"
"401761626","Marshall","48","Old Dominion","24","Old Dominion -14.5","DraftKings","57.5","14.5","12.5","","440","-600"
"401762484","Temple","31","Navy","32","Navy -10","DraftKings","52.5","10","9.5","","280","-355"
"401752869","Wisconsin","0","Iowa","37","Iowa -5.5","DraftKings","37.5","5.5","2.5","","190","-230"
"401760391","Wyoming","35","San José State","28","San José State -1.5","DraftKings","50.5","1.5","1.5","","102","-122"
"401760358","San José State","14","Central Michigan","16","San José State -11.5","DraftKings","50.5","-11.5","-11.5","50.5","-425","330"
"401762850","Western Michigan","24","Central Michigan","21","Western Michigan -6","DraftKings","43.5","-6","-6","","-205","170"
"401761604","Coastal Carolina","0","East Carolina","38","East Carolina -7","DraftKings","57.5","7","","","220","-270"
"401756914","TCU","35","Colorado","21","TCU -13.5","DraftKings","57.5","-13.5","-13.5","","-550","410"
"401754566","Duke","18","Georgia Tech","27","Duke -3.5","DraftKings","60.5","-3.5","1.5","","-175","145"
"401757277","UTEP","8","Liberty","19","Liberty -1.5","DraftKings","46.5","1.5","3","","105","-125"
"401761622","Georgia Southern","35","Southern Miss","38","Southern Miss -3","DraftKings","59.5","3","1.5","","120","-142"
"401752733","Ole Miss","24","Washington State","21","Ole Miss -33.5","DraftKings","58.5","-33.5","-32.5","","",""
"401757285","Florida International","26","Kennesaw State","45","Kennesaw State -3","DraftKings","48.5","3","1.5","","130","-155"
"401757169","UConn","31","Ball State","25","UConn -21","DraftKings","53.5","-21","-18.5","","-1800","1000"
"401752803","Tulane","23","Northwestern","3","Tulane -6.5","DraftKings","47.5","-6.5","-6.5","47.5","-245","200"
"401752730","Texas A&M","31","Mississippi State","9","Texas A&M -17.5","DraftKings","57.5","-17.5","-13.5","","-900","600"
"401756898","East Carolina","13","BYU","34","BYU -6.5","DraftKings","49.5","6.5","9.5","","200","-245"
"401757263","Louisiana Tech","30","Southern Miss","20","Louisiana Tech -3","DraftKings","51.5","-3","-3","","-155","130"
"401757267","UTEP","25","UL Monroe","31","UTEP -5.5","DraftKings","47.5","-5.5","-1.5","","-218","180"
"401752720","Mississippi State","34","Tennessee","41","Tennessee -7.5","DraftKings","63.5","7.5","10","","235","-290"
"401757273","Missouri State","22","Western Kentucky","27","Western Kentucky -3.5","DraftKings","59.5","3.5","7","","145","-175"
"401762481","North Texas","36","South Florida","63","North Texas -2.5","DraftKings","68.5","-2.5","-2.5","","-135","114"
"401752866","Penn State","21","Northwestern","22","Penn State -20.5","DraftKings","46.5","-20.5","-21.5","","-1350","800"
"401756916","Arizona","27","BYU","33","BYU -2.5","DraftKings","46.5","2.5","3","","120","-142"
"401756922","Utah","42","Arizona State","10","Utah -9.5","DraftKings","44.5","-9.5","-2.5","","-355","280"
"401752806","Indiana","27","Old Dominion","14","Indiana -23.5","DraftKings","54.5","-23.5","-23.5","54.5","-2400","1200"
"401762821","Akron","51","Duquesne","7","Akron -10.5","DraftKings","51.5","-10.5","","","-425","330"
"401752843","Indiana","63","Illinois","10","Indiana -7","DraftKings","51.5","-7","-2.5","","-265","215"
"401757264","Middle Tennessee","28","Marshall","42","Marshall -2.5","DraftKings","46.5","2.5","4.5","","114","-135"
"401752669","Georgia","45","Marshall","7","Georgia -39.5","DraftKings","55.5","-39.5","-39.5","55.5","",""
"401754616","Virginia","48","Coastal Carolina","7","Virginia -12.5","DraftKings","57.5","-12.5","-12.5","57.5","-470","360"
"401752798","USC","73","Missouri State","13","USC -34.5","DraftKings","59.5","-34.5","-34.5","59.5","",""
"401762464","Charlotte","42","Monmouth","35","Charlotte -3","DraftKings","66.5","-3","","","-155","130"
"401752846","Nebraska","27","Michigan","30","Michigan -1.5","DraftKings","47.5","1.5","3.5","","-102","-118"
"401761592","Louisiana","12","Rice","14","Louisiana -14.5","DraftKings","49.5","-14.5","-14.5","49.5","-625","455"
"401762468","Charlotte","17","Rice","28","Rice -1.5","DraftKings","42.5","1.5","6.5","","102","-122"
"401762861","Ball State","9","Eastern Michigan","24","Eastern Michigan -2.5","DraftKings","48.5","2.5","3","","120","-142"
"401762831","Buffalo","31","Eastern Michigan","30","Buffalo -9.5","DraftKings","53.5","-9.5","-9.5","","-325","260"
"401752829","Illinois","38","Western Michigan","0","Illinois -27.5","DraftKings","50.5","-27.5","","","-5000","1800"
"401762463","UAB","31","Akron","28","UAB -12.5","DraftKings","58.5","-12.5","","","-440","340"
"401762824","Toledo","45","Akron","3","Toledo -21.5","DraftKings","50.5","-21.5","-21","","-2100","1100"
"401754542","Georgia Tech","45","Temple","24","Georgia Tech -24.5","DraftKings","52.5","-24.5","-24.5","","-2400","1200"
"401762503","Army","14","Temple","13","Army -7","DraftKings","45.5","-7","-6.5","","-290","235"
"401762483","Army","24","Charlotte","7","Army -17.5","DraftKings","45.5","-17.5","-20.5","","-850","575"
"401761624","Georgia State","20","App State","41","App State -3","DraftKings","55.5","3","4.5","","130","-155"
"401761652","James Madison","58","App State","10","James Madison -21","DraftKings","53.5","-21","-19.5","","-1800","1000"
"401752885","Indiana","56","UCLA","6","Indiana -26.5","DraftKings","53.5","-26.5","-23.5","","-4000","1600"
"401754614","Stanford","20","Notre Dame","49","Notre Dame -32.5","DraftKings","49.5","32.5","29.5","","2500","-9000"
"401778315","UTSA","57","Florida International","20","UTSA -7","DraftKings","62.5","-7","","","-265","215"
"401752717","Arkansas","13","Notre Dame","56","Notre Dame -5.5","DraftKings","64.5","5.5","10.5","","180","-218"
"401769072","Indiana","38","Alabama","3","Indiana -7.5","DraftKings","46.5","-7.5","","","-250","205"
"401778321","San Diego State","47","North Texas","49","North Texas -7.5","DraftKings","54.5","7.5","","","230","-285"
"401778320","Fresno State","18","Miami (OH)","3","Fresno State -5.5","DraftKings","40.5","-5.5","","44.5","-205","170"
"401769074","Indiana","56","Oregon","22","Indiana -3","DraftKings","50.5","-3","","","-175","145"
"401752774","Auburn","62","Mercer","17","Auburn -26.5","DraftKings","51.5","-26.5","","","-5000","1800"
"401752780","Texas","52","Arkansas","37","Texas -8.5","DraftKings","58.5","-8.5","-10.5","","-340","270"
"401752911","Oregon","42","USC","27","Oregon -10.5","DraftKings","59.5","-10.5","-13.5","","-410","320"
"401752836","Indiana","73","Indiana State","0","Indiana -47.5","DraftKings","60.5","-47.5","","59.5","",""
"401756893","Houston","36","Colorado","20","Houston -4","DraftKings","45.5","-4","","","-192","160"
"401757268","Western Kentucky","31","Nevada","16","Western Kentucky -8.5","DraftKings","54.5","-8.5","-12.5","","-325","260"
"401754543","Virginia","46","Florida State","38","Florida State -7","DraftKings","59.5","7","7.5","","220","-270"
"401756908","West Virginia","14","Utah","48","Utah -13.5","DraftKings","46.5","13.5","12.5","","400","-535"
"401752882","Iowa","41","Minnesota","3","Iowa -7.5","DraftKings","39.5","-7.5","-7","","-285","230"
"401752896","USC","38","Northwestern","17","USC -14.5","DraftKings","54.5","-14.5","-16.5","","-650","470"
"401752905","Northwestern","22","Michigan","24","Michigan -10","DraftKings","41.5","10","10","","320","-410"
"401762817","Kent State","28","Buffalo","31","Buffalo -23.5","DraftKings","48.5","23.5","","","1300","-2800"
"401762818","Ball State","34","New Hampshire","29","Ball State -3","DraftKings","46.5","-3","","","-148","124"
"401761632","Marshall","40","Texas State","37","Texas State -3","DraftKings","65.5","3","5.5","","130","-155"
"401762845","Northern Illinois","21","Ball State","7","Northern Illinois -6.5","DraftKings","41.5","-6.5","-6","","-250","205"
"401757275","New Mexico State","37","Sam Houston","10","Sam Houston -2.5","DraftKings","52.5","2.5","2.5","","110","-130"
"401757276","Delaware","24","Western Kentucky","27","Delaware -2.5","DraftKings","62.5","-2.5","1.5","","-142","120"
"401756848","UCF","17","Jacksonville State","10","UCF -16.5","DraftKings","53.5","-16.5","-16.5","53.5","-750","525"
"401762522","South Florida","34","Boise State","7","Boise State -8.5","DraftKings","63.5","8.5","8.5","63.5","250","-310"
"401752794","Rutgers","34","Ohio","31","Rutgers -11.5","DraftKings","46.5","-11.5","-11.5","46.5","-455","350"
"401757171","UConn","51","Florida International","10","UConn -7","DraftKings","52.5","-7","-10","","-270","220"
"401752796","Cincinnati","17","Nebraska","20","Nebraska -6.5","DraftKings","52.5","6.5","6.5","52.5","220","-270"
"401752867","Maryland","31","Nebraska","34","Nebraska -7","DraftKings","47.5","7","5.5","","225","-278"
"401752872","Minnesota","24","Nebraska","6","Nebraska -7","DraftKings","47.5","7","5.5","","210","-258"
"401754373","NC State","24","East Carolina","17","NC State -12.5","DraftKings","58.5","-12.5","-12.5","58.5","-440","340"
"401752793","Minnesota","23","Buffalo","10","Minnesota -16.5","DraftKings","45.5","-16.5","-16.5","45.5","-900","600"
"401752701","Mississippi State","63","Alcorn State","0","Mississippi State -42.5","DraftKings","56.5","-42.5","-38.5","","",""
"401752699","LSU","20","Florida","10","LSU -4.5","DraftKings","47.5","-4.5","-5.5","54.5","-218","180"
"401752848","Notre Dame","56","Purdue","30","Notre Dame -24.5","DraftKings","51.5","-24.5","-30.5","","-2400","1200"
"401762823","Ohio","52","Gardner-Webb","35","Ohio -30.5","DraftKings","55.5","-30.5","","","-6500","2000"
"401752849","Minnesota","31","Rutgers","28","Minnesota -3.5","DraftKings","51.5","-3.5","-4.5","","-175","145"
"401752852","Washington","6","Ohio State","24","Ohio State -9.5","DraftKings","52.5","9.5","13.5","","295","-375"
"401752854","Penn State","24","Oregon","30","Penn State -3.5","DraftKings","53.5","-3.5","-5.5","52.5","-180","150"
"401752857","Maryland","20","Washington","24","Washington -5.5","DraftKings","52.5","5.5","7.5","","185","-225"
"401752858","Northwestern","42","UL Monroe","7","Northwestern -12.5","DraftKings","43.5","-12.5","-9.5","","-440","340"
"401762829","Akron","28","Central Michigan","22","Central Michigan -7","DraftKings","47.5","7","7","","220","-270"
"401752729","Oklahoma","44","Kent State","0","Oklahoma -46.5","DraftKings","53.5","-46.5","-45.5","","",""
"401761620","Arkansas State","31","Texas State","30","Texas State -14","DraftKings","63.5","14","8.5","","425","-575"
"401760385","Wyoming","17","UNLV","31","UNLV -4.5","DraftKings","50.5","4.5","4.5","","164","-198"
"401756936","Baylor","30","UCF","3","Baylor -3","DraftKings","58.5","-3","-4.5","","-155","130"
"401756938","Houston","35","West Virginia","45","Houston -13.5","DraftKings","48.5","-13.5","-15.5","","-575","425"
"401756939","Iowa State","19","Arizona State","24","Iowa State -7.5","DraftKings","48.5","-7.5","-3","","-290","235"
"401756940","Kansas","38","Oklahoma State","21","Kansas -24.5","DraftKings","54.5","-24.5","-24.5","","-2800","1300"
"401756937","Colorado","17","Arizona","52","Arizona -4","DraftKings","52.5","4","4.5","","154","-185"
"401760408","Hawai'i","38","San Diego State","6","San Diego State -6.5","DraftKings","48.5","6.5","2.5","","210","-258"
"401752790","South Carolina","14","Clemson","28","South Carolina -2.5","DraftKings","45.5","-2.5","2.5","","-135","114"
"401752921","Michigan","9","Ohio State","27","Ohio State -9.5","DraftKings","42.5","9.5","5.5","","295","-375"
"401756968","West Virginia","0","Texas Tech","49","Texas Tech -24.5","DraftKings","53.5","24.5","19.5","","1100","-2100"
"401762519","Florida Atlantic","3","East Carolina","42","East Carolina -7","DraftKings","66.5","7","7","","215","-265"
"401762872","Central Michigan","3","Toledo","21","Toledo -11.5","DraftKings","46.5","11.5","10","","330","-425"
"401762875","Miami (OH)","45","Ball State","24","Miami (OH) -16.5","DraftKings","40.5","-16.5","-17.5","","-850","575"
"401757310","Delaware","61","UTEP","31","Delaware -4.5","DraftKings","55.5","-4.5","-3.5","","-198","164"
"401761663","Marshall","19","Georgia Southern","24","Marshall -10.5","DraftKings","62.5","-10.5","-6.5","","-425","330"
"401757314","Missouri State","30","Louisiana Tech","42","Missouri State -2.5","DraftKings","45.5","-2.5","-3","","-135","114"
"401761664","Old Dominion","27","Georgia State","10","Old Dominion -28.5","DraftKings","58.5","-28.5","-23.5","","-8000","2200"
"401761661","App State","29","Arkansas State","30","Arkansas State -1.5","DraftKings","54.5","1.5","-1.5","","-112","-108"
"401757315","New Mexico State","24","Middle Tennessee","31","New Mexico State -3","DraftKings","52.5","-3","-4.5","","-162","136"
"401761665","Louisiana","30","UL Monroe","27","Louisiana -11.5","DraftKings","47.5","-11.5","-13.5","","-485","370"
"401761667","Texas State","49","South Alabama","26","Texas State -9.5","DraftKings","62.5","-9.5","-8.5","","-360","285"
"401762517","Tulsa","24","UAB","31","Tulsa -9.5","DraftKings","56.5","-9.5","-7.5","","-325","260"
"401756967","TCU","45","Cincinnati","23","TCU -3","DraftKings","58.5","-3","-3","","-148","124"
"401757313","Liberty","42","Kennesaw State","48","Kennesaw State -2.5","DraftKings","55.5","2.5","1.5","","120","-142"
"401752946","Washington State","32","Oregon State","8","Washington State -14","DraftKings","42.5","-14","-12.5","","-650","470"
"401754375","Colorado","20","Georgia Tech","27","Georgia Tech -4","DraftKings","55.5","4","4","55.5","160","-192"
"401754516","Hawai'i","23","Stanford","20","Hawai'i -1.5","DraftKings","53.5","-1.5","-1.5","53.5","-118","-102"
"401752801","Purdue","31","Ball State","0","Purdue -16.5","DraftKings","50.5","-16.5","-16.5","50.5","-850","575"
"401752727","Florida","29","Texas","21","Texas -4.5","DraftKings","42.5","4.5","6.5","","170","-205"
"401752676","Tennessee","45","Syracuse","26","Tennessee -13.5","DraftKings","53.5","-13.5","-13.5","53.5","-550","410"
"401752670","Kentucky","24","Toledo","16","Kentucky -10","DraftKings","48.5","-10","-10","48.5","-345","275"
"401752722","South Carolina","35","Kentucky","13","South Carolina -5.5","DraftKings","46.5","-5.5","-6","","-218","180"
"401752797","Maryland","39","Florida Atlantic","7","Maryland -16.5","DraftKings","57.5","-16.5","-16.5","57.5","-700","500"
"401752837","UCLA","10","New Mexico","35","UCLA -15.5","DraftKings","52.5","-15.5","","","-675","490"
"401761608","Troy","7","Memphis","28","Memphis -4.5","DraftKings","51.5","4.5","","","160","-192"
"401752697","Auburn","31","South Alabama","15","Auburn -26.5","DraftKings","56.5","-26.5","","","-3600","1500"
"401752834","Michigan State","41","Youngstown State","24","Michigan State -23.5","DraftKings","55.5","-23.5","","","-2100","1100"
"401754615","Missouri State","10","SMU","28","SMU -29.5","DraftKings","60.5","29.5","","","1800","-5000"
"401754639","North Carolina","41","Richmond","6","North Carolina -24.5","DraftKings","47.5","-24.5","","","-2800","1300"
"401756892","Cincinnati","70","Northwestern State","0","Cincinnati -48.5","DraftKings","55.5","-48.5","-45.5","","",""
"401762467","UTSA","48","Incarnate Word","20","UTSA -21","DraftKings","62.5","-21","","","-1450","850"
"401762819","Toledo","60","Morgan State","0","Toledo -33.5","DraftKings","54.5","-33.5","-34.5","","",""
"401757258","Nevada","13","Middle Tennessee","14","Nevada -9.5","DraftKings","49.5","-9.5","","","-345","275"
"401757235","Kennesaw State","27","Merrimack","13","Kennesaw State -17.5","DraftKings","44.5","-17.5","","44.5","-950","625"
"401761606","Marshall","38","Eastern Kentucky","7","Marshall -14.5","DraftKings","49.5","-14.5","","","-625","455"
"401752665","Florida State","31","Alabama","17","Alabama -13.5","DraftKings","50.5","13.5","13.5","50.5","380","-500"
"401752808","Michigan","34","New Mexico","17","Michigan -36.5","DraftKings","52.5","-36.5","-36.5","52.5","",""
"401760395","New Mexico","24","Nevada","22","New Mexico -14","DraftKings","49.5","-14","-10.5","","-550","410"
"401752749","Mississippi State","38","Texas","45","Texas -8.5","DraftKings","48.5","8.5","8.5","","260","-325"
"401762874","Miami (OH)","26","Western Michigan","17","Miami (OH) -2.5","DraftKings","40.5","-2.5","-3.5","","-125","105"
"401752671","Clemson","10","LSU","17","Clemson -3.5","DraftKings","57.5","-3.5","-3.5","57.5","-170","142"
"401752942","Wake Forest","13","SMU","12","SMU -5.5","DraftKings","52.5","5.5","4.5","","180","-218"
"401752678","Texas A&M","42","UTSA","24","Texas A&M -21.5","DraftKings","56.5","-21.5","-21.5","56.5","-1650","950"
"401762495","Tulsa","37","Temple","38","Temple -4.5","DraftKings","52.5","4.5","6","","164","-198"
"401760375","San José State","31","Idaho","28","San José State -14","DraftKings","51.5","-14","","","-600","440"
"401757259","Florida International","16","Delaware","38","Florida International -4","DraftKings","54.5","-4","-2.5","","-180","150"
"401760394","Colorado State","19","Hawai'i","31","Colorado State -2.5","DraftKings","53.5","-2.5","1.5","","-135","114"
"401752680","South Carolina","24","Virginia Tech","11","South Carolina -8.5","DraftKings","48.5","-8.5","-8.5","48.5","-340","270"
"401757233","Florida International","38","Florida Atlantic","28","Florida International -2.5","DraftKings","56.5","-2.5","","","-125","105"
"401752879","UCLA","20","Maryland","17","UCLA -4","DraftKings","52.5","-4","1.5","","-185","154"
"401752894","Rutgers","35","Maryland","20","Rutgers -1.5","DraftKings","56.5","-1.5","-1.5","","-122","102"
"401756926","Oklahoma State","17","Cincinnati","49","Cincinnati -23.5","DraftKings","57.5","23.5","21.5","","1200","-2400"
"401754585","Louisville","26","California","29","Louisville -18.5","DraftKings","48.5","-18.5","-17.5","","-1100","700"
"401760361","Fresno State","42","Georgia Southern","14","Fresno State -2.5","DraftKings","54.5","-2.5","-2.5","54.5","-135","114"
"401752703","Temple","3","Oklahoma","42","Oklahoma -23.5","DraftKings","50.5","23.5","","","1200","-2400"
"401752828","Nebraska","59","Houston Christian","7","Nebraska -48.5","DraftKings","58.5","-48.5","-42.5","","",""
"401752831","Northwestern","14","Oregon","34","Oregon -25.5","DraftKings","50.5","25.5","","","1400","-3200"
"401752838","Maryland","44","Towson","17","Maryland -28.5","DraftKings","53.5","-28.5","","","-6500","2000"
"401752839","Michigan","63","Central Michigan","3","Michigan -27.5","DraftKings","42.5","-27.5","","","-4500","1700"
"401752726","Alabama","30","Vanderbilt","14","Alabama -13.5","DraftKings","57.5","-13.5","-13.5","","-535","400"
"401752859","Ohio State","42","Minnesota","3","Ohio State -23.5","DraftKings","42.5","-23.5","-21","","-2800","1300"
"401752740","Auburn","17","Missouri","23","Missouri -1.5","DraftKings","43.5","1.5","-1.5","","-102","-118"
"401757284","Sam Houston","17","UTEP","35","UTEP -3.5","DraftKings","46.5","3.5","-2.5","","145","-175"
"401762486","East Carolina","41","Tulsa","27","East Carolina -16.5","DraftKings","54.5","-16.5","-15.5","","-750","525"
"401754564","Miami","21","Louisville","24","Miami -10.5","DraftKings","49.5","-10.5","-6.5","","-440","340"
"401760396","Utah State","30","San José State","25","Utah State -3","DraftKings","63.5","-3","-3.5","","-155","130"
"401752739","Arkansas","42","Texas A&M","45","Texas A&M -7.5","DraftKings","57.5","7.5","8.5","","230","-285"
"401752743","Kentucky","13","Texas","16","Texas -12.5","DraftKings","45.5","12.5","13.5","","360","-470"
"401752943","Oregon State","10","Washington State","7","Washington State -3.5","DraftKings","47.5","3.5","3","","142","-170"
"401762851","Akron","44","Massachusetts","10","Akron -12.5","DraftKings","51.5","-12.5","-9.5","","-485","370"
"401762853","Ball State","17","Kent State","13","Ball State -3","DraftKings","48.5","-3","-3","","-155","130"
"401762854","Toledo","42","Northern Illinois","3","Toledo -14.5","DraftKings","42.5","-14.5","-14.5","","-650","470"
"401762501","Memphis","32","Tulane","38","Memphis -3","DraftKings","53.5","-3","-4.5","","-155","130"
"401752759","Alabama","20","LSU","9","Alabama -10","DraftKings","49.5","-10","-5.5","","-380","300"
"401756919","Kansas State","41","TCU","28","TCU -3","DraftKings","54.5","3","2.5","","124","-148"
"401752731","Auburn","10","Georgia","20","Georgia -4.5","DraftKings","46.5","4.5","7","","180","-218"
"401754371","California","21","North Carolina","18","California -7.5","DraftKings","45.5","-7.5","-12.5","","-340","270"
"401756935","West Virginia","17","TCU","23","TCU -16.5","DraftKings","55.5","16.5","14.5","","525","-750"
"401754575","Syracuse","10","North Carolina","27","Syracuse -1.5","DraftKings","45.5","-1.5","","","-115","-105"
"401754596","Wake Forest","28","North Carolina","12","Wake Forest -3.5","DraftKings","37.5","-3.5","-5.5","","-175","145"
"401752677","Ohio State","14","Texas","7","Ohio State -3","DraftKings","47.5","-3","-3","","-135","114"
"401754522","Miami","27","Notre Dame","24","Notre Dame -2.5","DraftKings","53.5","2.5","2.5","53.5","114","-135"
"401752822","Iowa State","16","Iowa","13","Iowa State -1.5","DraftKings","","-1.5","-1.5","","",""
"401754583","Boston College","10","Notre Dame","25","Notre Dame -31.5","DraftKings","55.5","31.5","27.5","","2000","-6500"
"401761614","James Madison","35","Georgia Southern","10","James Madison -14.5","DraftKings","54.5","-14.5","-12.5","","-675","490"
"401754558","Boston College","10","Clemson","41","Clemson -14","DraftKings","54.5","14","12.5","","455","-625"
"401761627","Texas State","41","Troy","48","Texas State -7.5","DraftKings","53.5","-7.5","-10","","-298","240"
"401756927","TCU","42","Baylor","36","TCU -3.5","DraftKings","66.5","-3.5","-3","","-162","136"
"401752871","Notre Dame","34","USC","24","Notre Dame -10.5","DraftKings","60.5","-10.5","-10.5","","-395","310"
"401761636","Arkansas State","34","Georgia Southern","24","Georgia Southern -1.5","DraftKings","59.5","1.5","-3","","-110","-110"
"401761649","Old Dominion","33","Troy","0","Old Dominion -9.5","DraftKings","53.5","-9.5","-10","","-355","280"
"401754591","Louisville","19","Clemson","20","Louisville -1.5","DraftKings","50.5","-1.5","6.5","60.5","-122","102"
"401757262","Liberty","13","James Madison","31","James Madison -7.5","DraftKings","46.5","7.5","10.5","","240","-298"
"401754547","Pittsburgh","27","Louisville","34","Louisville -3","DraftKings","53.5","3","5.5","","130","-155"
"401760418","UNLV","38","Hawai'i","10","UNLV -2.5","DraftKings","64.5","-2.5","-3","","-135","114"
"401760390","Nevada","10","San Diego State","44","San Diego State -6.5","DraftKings","42.5","6.5","7","","200","-245"
"401760389","Hawai'i","44","Utah State","26","Utah State -1.5","DraftKings","57.5","1.5","-1.5","","-102","-118"
"401757282","Liberty","30","New Mexico State","27","Liberty -10.5","DraftKings","48.5","-10.5","-9.5","","-440","340"
"401761628","South Alabama","14","Arkansas State","15","South Alabama -8.5","DraftKings","57.5","-8.5","-6","","-325","260"
"401757281","Western Kentucky","6","Florida International","25","Western Kentucky -10","DraftKings","55.5","-10","-8.5","","-375","295"
"401757283","Jacksonville State","38","Delaware","25","Delaware -3","DraftKings","55.5","3","2.5","","130","-155"
"401752745","Vanderbilt","31","LSU","24","Vanderbilt -1.5","DraftKings","48.5","-1.5","3.5","","-122","102"
"401752873","Michigan","24","Washington","7","Michigan -4","DraftKings","50.5","-4","-10.5","","-192","160"
"401752874","Northwestern","19","Purdue","0","Northwestern -3","DraftKings","47.5","-3","-3","","-162","136"
"401756948","Arizona State","25","West Virginia","23","Arizona State -10","DraftKings","46.5","-10","-10.5","","-380","300"
"401756949","Baylor","28","Utah","55","Utah -9.5","DraftKings","60.5","9.5","9.5","","285","-360"
"401754594","Florida State","34","Virginia Tech","14","Florida State -14.5","DraftKings","55.5","-14.5","-12.5","","-575","425"
"401754619","Virginia","55","William & Mary","16","Virginia -30.5","DraftKings","54.5","-30.5","","","-6500","2000"
"401752702","Missouri","52","Louisiana","10","Missouri -27.5","DraftKings","47.5","-27.5","-27.5","","-4500","1700"
"401752706","Texas","27","UTEP","10","Texas -39.5","DraftKings","52.5","-39.5","","50.5","",""
"401752791","Tennessee","24","Vanderbilt","45","Tennessee -2.5","DraftKings","66.5","-2.5","-5.5","","-130","110"
"401761659","Texas State","31","UL Monroe","14","Texas State -20.5","DraftKings","59.5","-20.5","-17.5","","-1600","900"
"401757234","Georgia Southern","41","Jacksonville State","34","Georgia Southern -3","DraftKings","58.5","-3","-4","","-170","142"
"401762514","Rice","24","North Texas","56","North Texas -18.5","DraftKings","57.5","18.5","17.5","","675","-1050"
"401752782","Vanderbilt","45","Kentucky","17","Vanderbilt -7","DraftKings","53.5","-7","-7.5","","-298","240"
"401757257","Louisiana Tech","49","New Mexico State","14","Louisiana Tech -10","DraftKings","42.5","-10","","42.5","-345","275"
"401752771","Tennessee","42","New Mexico State","9","Tennessee -41.5","DraftKings","59.5","-41.5","-39.5","","",""
"401762499","North Texas","31","Navy","17","North Texas -6.5","DraftKings","68.5","-6.5","-4.5","","-245","200"
"401757261","Kennesaw State","28","Arkansas State","21","Arkansas State -4.5","DraftKings","57.5","4.5","6.5","","160","-192"
"401756925","Houston","31","Arizona","28","Arizona -1.5","DraftKings","47.5","1.5","-2.5","","100","-120"
"401752672","Ole Miss","63","Georgia State","7","Ole Miss -38.5","DraftKings","62.5","-38.5","-38.5","62.5","",""
"401752707","Notre Dame","40","Texas A&M","41","Notre Dame -6.5","DraftKings","49.5","-6.5","-7","49.5","-245","200"
"401762487","UAB","31","Memphis","24","Memphis -23.5","DraftKings","59.5","23.5","21.5","","1100","-2100"
"401752800","UCLA","10","Utah","43","Utah -6.5","DraftKings","50.5","6.5","6.5","50.5","195","-238"
"401752805","Washington","38","Colorado State","21","Washington -20.5","DraftKings","52.5","-20.5","-20.5","52.5","-1450","850"
"401752832","Purdue","17","USC","33","USC -20.5","DraftKings","59.5","20.5","","","850","-1450"
"401752850","Illinois","34","USC","32","USC -6.5","DraftKings","62.5","6.5","1.5","","205","-250"
"401752851","Northwestern","17","UCLA","14","Northwestern -6","DraftKings","45.5","-6","-5.5","","-218","180"
"401752853","Iowa","15","Indiana","20","Indiana -9.5","DraftKings","47.5","9.5","3","","270","-340"
"401761594","Texas State","52","Eastern Michigan","27","Texas State -14","DraftKings","58.5","-14","-14","58.5","-600","440"
"401752936","Oregon State","15","California","34","Oregon State -3","DraftKings","51.5","-3","-3","51.5","-148","124"
"401752881","Michigan State","20","Michigan","31","Michigan -13.5","DraftKings","47.5","13.5","8.5","","390","-520"
"401760376","Miami (OH)","38","UNLV","41","UNLV -2.5","DraftKings","49.5","2.5","5.5","","110","-130"
"401762469","Army","38","North Texas","45","North Texas -2.5","DraftKings","50.5","2.5","-1.5","","120","-142"
"401762470","South Florida","63","South Carolina State","14","South Florida -36.5","DraftKings","58.5","-36.5","","","-20000","3500"
"401761613","Buffalo","17","Troy","21","Buffalo -5.5","DraftKings","43.5","-5.5","-1.5","","-225","185"
"401762820","Western Michigan","14","Toledo","13","Toledo -13.5","DraftKings","48.5","13.5","11.5","","380","-500"
"401761611","South Alabama","20","Coastal Carolina","38","South Alabama -14.5","DraftKings","51.5","-14.5","-14","","-675","490"
"401760377","Utah State","48","McNeese","7","Utah State -24.5","DraftKings","63.5","-24.5","","","-3200","1400"
"401752735","Tennessee","34","Arkansas","31","Tennessee -10","DraftKings","68.5","-10","-13.5","","-425","330"
"401752737","Texas A&M","34","Florida","17","Texas A&M -7","DraftKings","47.5","-7","-9.5","","-258","210"
"401752732","LSU","20","South Carolina","10","LSU -8.5","DraftKings","44.5","-8.5","-10.5","","-325","260"
"401754573","North Carolina","16","Virginia","17","Virginia -11.5","DraftKings","50.5","11.5","10","","340","-440"
"401756932","Kansas","17","Kansas State","42","Kansas -3.5","DraftKings","55.5","-3.5","4","","-180","150"
"401756931","Iowa State","27","BYU","41","Iowa State -2.5","DraftKings","48.5","-2.5","1.5","","-142","120"
"401756930","Cincinnati","41","Baylor","20","Cincinnati -3.5","DraftKings","68.5","-3.5","-3.5","","-175","145"
"401756933","Texas Tech","42","Oklahoma State","0","Texas Tech -37.5","DraftKings","56.5","-37.5","-36.5","","",""
"401756929","Arizona State","16","Houston","24","Arizona State -7","DraftKings","46.5","-7","-7","","-298","240"
"401762859","Massachusetts","3","Northern Illinois","45","Northern Illinois -9.5","DraftKings","43.5","9.5","11.5","","285","-360"
"401762860","Miami (OH)","3","Toledo","24","Toledo -5.5","DraftKings","44.5","5.5","3","","190","-230"
"401752904","Oregon","42","Minnesota","13","Oregon -26.5","DraftKings","46.5","-26.5","-22.5","","-3600","1500"
"401752768","LSU","23","Arkansas","22","LSU -4","DraftKings","58.5","-4","-6.5","","-185","154"
"401752765","Alabama","21","Oklahoma","23","Alabama -6.5","DraftKings","45.5","-6.5","-12.5","56.5","-250","205"
"401752902","Washington","49","Purdue","13","Washington -14.5","DraftKings","51.5","-14.5","-16.5","","-750","525"
"401762844","Buffalo","16","Akron","24","Buffalo -10","DraftKings","48.5","-10","-10","","-395","310"
"401752887","Maryland","10","Indiana","55","Indiana -21","DraftKings","50.5","21","16.5","","1100","-2100"
"401754611","Pittsburgh","7","Miami","38","Miami -6.5","DraftKings","48.5","6.5","7.5","","205","-250"
"401756962","Baylor","24","Houston","31","Baylor -2.5","DraftKings","56.5","-2.5","-1.5","","-148","124"
"401756965","Kansas State","24","Colorado","14","Kansas State -16.5","DraftKings","49.5","-16.5","-16.5","","-800","550"
"401756966","Oklahoma State","13","Iowa State","20","Iowa State -14","DraftKings","46.5","14","16.5","","455","-625"
"401756963","BYU","41","UCF","21","BYU -17.5","DraftKings","46.5","-17.5","-18.5","","-1100","700"
"401754608","Syracuse","12","Boston College","34","Boston College -3","DraftKings","53.5","3","3","","120","-142"
"401752923","Michigan State","38","Maryland","28","Michigan State -4","DraftKings","49.5","-4","-4.5","","-192","160"
"401754613","Virginia","27","Virginia Tech","7","Virginia -8.5","DraftKings","52.5","-8.5","-10.5","","-340","270"
"401754612","NC State","42","North Carolina","19","NC State -7","DraftKings","48.5","-7","-7.5","","-278","225"
"401754609","California","38","SMU","35","SMU -13.5","DraftKings","53.5","13.5","10","","400","-535"
"401754546","Wake Forest","29","Georgia Tech","30","Georgia Tech -13.5","DraftKings","53.5","13.5","17","","410","-550"
"401762830","Ball State","20","Ohio","14","Ohio -14","DraftKings","52.5","14","17.5","","440","-600"
"401757165","Notre Dame","28","Boise State","7","Notre Dame -21.5","DraftKings","63.5","-21.5","-16.5","","-1600","900"
"401757279","Sam Houston","27","Jacksonville State","29","Jacksonville State -7","DraftKings","53.5","7","8.5","","225","-278"
"401752862","Washington","38","Rutgers","19","Washington -9.5","DraftKings","62.5","-9.5","-10","","-360","285"
"401754561","SMU","34","Stanford","10","SMU -19.5","DraftKings","55.5","-19.5","-18.5","","-1050","675"
"401762841","Miami (OH)","44","Eastern Michigan","30","Miami (OH) -12.5","DraftKings","47.5","-12.5","-11.5","","-470","360"
"401752741","Florida","23","Mississippi State","21","Florida -9.5","DraftKings","50.5","-9.5","-9.5","","-360","285"
"401761668","Louisiana","10","Southern Miss","22","Southern Miss -4.5","DraftKings","54.5","4.5","2.5","","164","-198"
"401752738","Alabama","37","Tennessee","20","Alabama -8.5","DraftKings","61.5","-8.5","-12.5","","-340","270"
"401757172","Rice","37","UConn","34","UConn -10.5","DraftKings","48.5","10.5","9.5","","295","-375"
"401762847","Central Michigan","38","Massachusetts","13","Central Michigan -16.5","DraftKings","46.5","-16.5","-16.5","","-800","550"
"401757290","Louisiana Tech","55","Sam Houston","14","Louisiana Tech -16.5","DraftKings","47.5","-16.5","-17.5","","-850","575"
"401752689","Missouri","42","Kansas","31","Missouri -7","DraftKings","","-7","-7","","",""
"401754572","Miami","42","Stanford","7","Miami -28.5","DraftKings","45.5","-28.5","-30.5","","",""
"401757225","Utah State","28","UTEP","16","Utah State -3.5","DraftKings","59.5","-3.5","-3.5","59.5","-180","150"
"401754540","San Diego State","34","California","0","California -14","DraftKings","47.5","14","11.5","","425","-575"
"401760409","Utah State","51","Nevada","14","Utah State -10","DraftKings","52.5","-10","-10.5","","-380","300"
"401752751","South Carolina","22","Alabama","29","Alabama -11.5","DraftKings","47.5","11.5","7.5","","350","-455"
"401756934","Utah","53","Colorado","7","Utah -14","DraftKings","49.5","-14","-14.5","","-625","455"
"401752755","Florida","20","Georgia","24","Georgia -7","DraftKings","50.5","7","7.5","","225","-278"
"401756950","BYU","44","TCU","13","BYU -3","DraftKings","51.5","-3","-4.5","","-155","130"
"401762869","Eastern Michigan","21","Western Michigan","31","Western Michigan -10","DraftKings","49.5","10","5.5","","300","-380"
"401752690","Oklahoma","24","Michigan","13","Oklahoma -3","DraftKings","47.5","-3","-3","47.5","-148","124"
"401762518","Tulane","27","Charlotte","0","Tulane -30.5","DraftKings","51.5","-30.5","-28.5","","-8000","2200"
"401762466","Rice","38","Prairie View A&M","17","Rice -29.5","DraftKings","48.5","-29.5","","","-6500","2000"
"401752830","Iowa","47","Massachusetts","7","Iowa -35.5","DraftKings","44.5","-35.5","-35.5","","",""
"401756894","TCU","42","Abilene Christian","21","TCU -42.5","DraftKings","60.5","-42.5","-38.5","","",""
"401754642","Louisville","40","Bowling Green","17","Louisville -26.5","DraftKings","50.5","-26.5","-27.5","","-4000","1600"
"401756901","Utah","10","Texas Tech","34","Utah -3.5","DraftKings","58.5","-3.5","-3.5","","-175","145"
"401752715","Tennessee","56","UAB","24","Tennessee -39.5","DraftKings","69.5","-39.5","-41.5","","",""
"401762822","Central Michigan","49","Wagner","10","Central Michigan -29.5","DraftKings","46.5","-29.5","","","-9000","2500"
"401762476","UAB","13","Army","31","Army -6.5","DraftKings","55.5","6.5","9.5","","195","-238"
"401761619","Old Dominion","47","Coastal Carolina","7","Old Dominion -18.5","DraftKings","53.5","-18.5","-15","","-1000","650"
"401762477","Rice","21","Florida Atlantic","27","Rice -4.5","DraftKings","54.5","-4.5","-5.5","","-198","164"
"401754577","Clemson","45","Duke","46","Clemson -4","DraftKings","54.5","-4","-3.5","","-180","150"
"401752888","Minnesota","23","Michigan State","20","Minnesota -4.5","DraftKings","44.5","-4.5","-5.5","","-198","164"
"401754576","California","21","Virginia","31","Virginia -6.5","DraftKings","52.5","6.5","4","","190","-230"
"401752756","Ole Miss","30","South Carolina","14","Ole Miss -12.5","DraftKings","55.5","-12.5","-13.5","","-500","380"
"401752757","Tennessee","27","Oklahoma","33","Tennessee -3","DraftKings","55.5","-3","-2.5","","-155","130"
"401754531","Wake Forest","24","NC State","34","NC State -7.5","DraftKings","52.5","7.5","","","240","-298"
"401756911","Baylor","35","Kansas State","34","Baylor -4.5","DraftKings","59.5","-4.5","-5.5","","-192","160"
"401762839","Bowling Green","6","Central Michigan","27","Bowling Green -3","DraftKings","43.5","-3","-5.5","","-155","130"
"401760419","Wyoming","7","Nevada","13","Wyoming -6","DraftKings","39.5","-6","-10","","-230","190"
"401752744","South Carolina","7","Oklahoma","26","Oklahoma -4.5","DraftKings","42.5","4.5","3.5","","160","-192"
"401752913","Iowa","20","Michigan State","17","Iowa -17.5","DraftKings","42.5","-17.5","-15.5","","-850","575"
"401752938","Texas Tech","45","Oregon State","14","Texas Tech -24.5","DraftKings","61.5","-24.5","","","-2400","1200"
"401752827","Ohio State","37","Ohio","9","Ohio State -28.5","DraftKings","49.5","-28.5","","51.5","-4500","1700"
"401760416","Boise State","49","Colorado State","21","Boise State -17.5","DraftKings","45.5","-17.5","-17.5","","-950","625"
"401754536","Virginia Tech","26","Old Dominion","45","Virginia Tech -5.5","DraftKings","50.5","-5.5","","","-225","185"
"401760422","Utah State","24","Boise State","25","Boise State -1.5","DraftKings","54.5","1.5","","55.5","102","-122"
"401752918","Minnesota","17","Wisconsin","7","Wisconsin -2.5","DraftKings","38.5","2.5","-2.5","","120","-142"
"401752704","South Carolina","7","Vanderbilt","31","South Carolina -3","DraftKings","48.5","-3","","","-155","130"
"401752713","Missouri","29","South Carolina","20","Missouri -10","DraftKings","48.5","-10","-3","","-355","280"
"401762465","Tulsa","23","Navy","42","Navy -14","DraftKings","52.5","14","","","425","-575"
"401757166","Notre Dame","49","Navy","10","Notre Dame -30.5","DraftKings","54.5","-30.5","-24.5","","-6500","2000"
"401752789","Oklahoma","17","LSU","13","Oklahoma -11.5","DraftKings","36.5","-11.5","-8.5","","-500","380"
"401760417","Fresno State","17","Utah State","28","Fresno State -1.5","DraftKings","50.5","-1.5","-1.5","","-125","105"
"401754541","Florida State","66","Kent State","10","Florida State -44.5","DraftKings","56.5","-44.5","-45.5","","",""
"401752700","Ole Miss","41","Arkansas","35","Ole Miss -3.5","DraftKings","60.5","-3.5","","","-175","145"
"401760369","Fresno State","56","Southern","7","Fresno State -37.5","DraftKings","51.5","-37.5","-35.5","","",""
"401752840","California","27","Minnesota","14","Minnesota -3","DraftKings","41.5","3","","","136","-162"
"401754569","Boston College","23","UConn","38","UConn -2.5","DraftKings","58.5","2.5","-2.5","","110","-130"
"401754565","Clemson","24","SMU","35","Clemson -3.5","DraftKings","49.5","-3.5","-11.5","","-180","150"
"401756923","Arizona State","26","Texas Tech","22","Texas Tech -7.5","DraftKings","52.5","7.5","-4","","260","-325"
"401754568","Syracuse","13","Pittsburgh","30","Pittsburgh -9.5","DraftKings","54.5","9.5","10.5","","280","-355"
"401756924","BYU","24","Utah","21","Utah -4","DraftKings","49.5","4","2.5","","170","-205"
"401756910","Arizona","41","Oklahoma State","13","Arizona -21.5","DraftKings","56.5","-21.5","-17.5","","-1600","900"
"401754617","Virginia Tech","38","Wofford","6","Virginia Tech -34.5","DraftKings","51.5","-34.5","-35.5","","",""
"401757307","Louisiana Tech","34","Liberty","28","Liberty -1.5","DraftKings","45.5","1.5","1.5","","-105","-115"
"401754636","TCU","35","SMU","24","TCU -6.5","DraftKings","63.5","-6.5","-4","","-238","195"
"401754589","Virginia","9","Wake Forest","16","Virginia -7","DraftKings","48.5","-7","-6.5","","-258","210"
"401752760","Kentucky","38","Florida","7","Florida -4.5","DraftKings","44.5","4.5","4.5","","170","-205"
"401752895","UCLA","21","Nebraska","28","UCLA -1.5","DraftKings","45.5","-1.5","4.5","","-125","105"
"401762858","Central Michigan","38","Buffalo","19","Central Michigan -2.5","DraftKings","44.5","-2.5","-2.5","","-135","114"
"401752901","Indiana","31","Wisconsin","7","Indiana -28.5","DraftKings","43.5","-28.5","-30.5","","-4500","1700"
"401754597","Pittsburgh","15","Notre Dame","37","Notre Dame -12.5","DraftKings","55.5","12.5","10","","370","-485"
"401752767","Kentucky","42","Tennessee Tech","10","Kentucky -22.5","DraftKings","52.5","-22.5","","","-2800","1300"
"401752903","Michigan State","10","Penn State","28","Penn State -7","DraftKings","48.5","7","7.5","","210","-258"
"401754592","Boston College","34","Georgia Tech","36","Georgia Tech -16.5","DraftKings","61.5","16.5","16.5","","575","-850"
"401754593","Duke","17","Virginia","34","Duke -5.5","DraftKings","59.5","-5.5","-5.5","","-218","180"
"401754595","Miami","41","NC State","7","Miami -16.5","DraftKings","54.5","-16.5","-14.5","","-700","500"
"401752899","Wisconsin","13","Washington","10","Washington -10.5","DraftKings","44.5","10.5","13.5","","320","-410"
"401754588","North Carolina","20","Stanford","15","North Carolina -8.5","DraftKings","41.5","-8.5","-7.5","","-325","260"
"401760406","San José State","16","Air Force","26","San José State -6","DraftKings","67.5","-6","-2.5","","-250","205"
"401762516","Memphis","17","Navy","28","Memphis -4","DraftKings","57.5","-4","-4.5","","-185","154"
"401752788","Mississippi State","19","Ole Miss","38","Ole Miss -7.5","DraftKings","62.5","7.5","9.5","","245","-305"
"401752916","Nebraska","16","Iowa","40","Iowa -5.5","DraftKings","38.5","5.5","4","","185","-225"
"401762870","Buffalo","26","Ohio","31","Ohio -7","DraftKings","44.5","7","4.5","","210","-258"
"401752786","Georgia Tech","9","Georgia","16","Georgia -16.5","DraftKings","60.5","16.5","12.5","","525","-750"
"401752792","Texas","27","Texas A&M","17","Texas A&M -2.5","DraftKings","54.5","2.5","2.5","","120","-142"
"401752924","Purdue","3","Indiana","56","Indiana -28.5","DraftKings","53.5","28.5","27.5","","1800","-5000"
"401752787","Louisville","41","Kentucky","0","Kentucky -1.5","DraftKings","45.5","1.5","-6.5","","-105","-115"
"401757311","Sam Houston","16","Florida International","56","Florida International -10.5","DraftKings","50.5","10.5","10.5","","320","-410"
"401757312","Jacksonville State","37","Western Kentucky","34","Western Kentucky -1.5","DraftKings","56.5","1.5","3","","105","-125"
"401752783","Arkansas","17","Missouri","31","Missouri -4.5","DraftKings","54.5","4.5","2.5","","170","-205"
"401752917","Washington","14","Oregon","26","Oregon -6.5","DraftKings","51.5","6.5","7","","210","-258"
"401754610","Duke","49","Wake Forest","32","Duke -2.5","DraftKings","53.5","-2.5","-3.5","","-130","110"
"401762441","UTSA","24","Army","27","UTSA -8.5","DraftKings","50.5","-8.5","-6.5","","-325","260"
"401752785","Florida","40","Florida State","21","Florida State -1.5","DraftKings","49.5","1.5","-1.5","","-108","-112"
"401752784","Auburn","20","Alabama","27","Alabama -7","DraftKings","48.5","7","6.5","","220","-270"
"401752922","Illinois","20","Northwestern","13","Illinois -7","DraftKings","44.5","-7","-7","","-270","220"
"401762864","Northern Illinois","19","Western Michigan","35","Western Michigan -7","DraftKings","39.5","7","5.5","","225","-278"
"401762865","Buffalo","20","Miami (OH)","37","Miami (OH) -2.5","DraftKings","38.5","2.5","-2.5","","110","-130"
"401761655","Arkansas State","30","Louisiana","34","Arkansas State -2.5","DraftKings","54.5","-2.5","-3.5","","-130","110"
"401754598","NC State","21","Florida State","11","Florida State -7","DraftKings","58.5","7","2.5","","205","-250"
"401752781","Texas A&M","48","Samford","0","Texas A&M -54.5","DraftKings","59.5","-54.5","-54.5","","",""
"401760415","Air Force","3","New Mexico","20","New Mexico -3.5","DraftKings","52.5","3.5","1.5","","136","-162"
"401752777","LSU","13","Western Kentucky","10","LSU -24.5","DraftKings","52.5","-24.5","-22.5","","-3200","1400"
"401752910","UCLA","14","Washington","48","Washington -10.5","DraftKings","51.5","10.5","10.5","","330","-425"
"401760420","San Diego State","25","San José State","3","San Diego State -10","DraftKings","50.5","-10","-12.5","","-380","300"
"401762868","Massachusetts","14","Bowling Green","45","Bowling Green -14","DraftKings","44.5","14","16.5","","400","-535"
"401760425","Nevada","17","UNLV","42","UNLV -7.5","DraftKings","52.5","7.5","9.5","","250","-310"
"401760424","Hawai'i","27","Wyoming","7","Hawai'i -8.5","DraftKings","44.5","-8.5","-10.5","","-380","300"
"401752705","Tennessee","41","Georgia","44","Georgia -3.5","DraftKings","50.5","3.5","7.5","50.5","140","-166"
"401752833","Rutgers","60","Norfolk State","10","Rutgers -44.5","DraftKings","56.5","-44.5","","51.5","",""
"401756890","Arkansas State","16","Iowa State","24","Iowa State -21","DraftKings","55.5","21","","","850","-1450"
"401754535","Miami","49","South Florida","12","Miami -17.5","DraftKings","56.5","-17.5","","","-800","550"
"401752698","Kentucky","48","Eastern Michigan","23","Kentucky -26.5","DraftKings","49.5","-26.5","","","-4000","1600"
"401754533","Stanford","30","Boston College","20","Boston College -14","DraftKings","44.5","14","12.5","","425","-575"
"401754532","Syracuse","66","Colgate","24","Syracuse -36.5","DraftKings","64.5","-36.5","-37.5","","",""
"401756888","Arizona","23","Kansas State","17","Kansas State -1.5","DraftKings","55.5","1.5","","","-102","-118"
"401754623","Georgia Tech","24","Clemson","21","Clemson -3","DraftKings","51.5","3","8.5","","120","-142"
"401756891","Baylor","42","Samford","7","Baylor -51.5","DraftKings","65.5","-51.5","","58.5","",""
"401762832","Massachusetts","3","Western Michigan","21","Western Michigan -12.5","DraftKings","46.5","12.5","10.5","","360","-470"
"401762480","Tulane","26","East Carolina","19","Tulane -7","DraftKings","53.5","-7","-7","","-270","220"
"401754560","Georgia Tech","35","Virginia Tech","20","Georgia Tech -14","DraftKings","55.5","-14","-14.5","","-600","440"
"401754562","Notre Dame","36","NC State","7","Notre Dame -23.5","DraftKings","59.5","-23.5","-21.5","","-2800","1300"
"401754563","Oregon State","14","Wake Forest","39","Wake Forest -1.5","DraftKings","47.5","1.5","2.5","","100","-120"
"401756918","Colorado","24","Iowa State","17","Iowa State -3","DraftKings","52.5","3","4.5","","124","-148"
"401761637","Southern Miss","49","UL Monroe","21","Southern Miss -14","DraftKings","48.5","-14","-10","","-600","440"
"401752886","Oregon","21","Wisconsin","7","Oregon -31.5","DraftKings","44.5","-31.5","-33.5","","",""
"401760398","Wyoming","28","Colorado State","0","Wyoming -5.5","DraftKings","46.5","-5.5","-3.5","","-218","180"
"401757289","Kennesaw State","33","UTEP","20","Kennesaw State -12.5","DraftKings","52.5","-12.5","-10","","-440","340"
"401754599","Stanford","31","California","10","California -4.5","DraftKings","47.5","4.5","4.5","","160","-192"
"401762846","Kent State","24","Bowling Green","21","Bowling Green -7.5","DraftKings","47.5","7.5","10","","250","-310"
"401762848","Eastern Michigan","21","Ohio","28","Ohio -11.5","DraftKings","60.5","11.5","10","","350","-455"
"401752880","Washington","42","Illinois","25","Washington -3.5","DraftKings","54.5","-3.5","-4.5","","-166","140"
"401761639","Texas State","20","James Madison","52","James Madison -7","DraftKings","55.5","7","6.5","","235","-290"
"401757292","Middle Tennessee","21","Jacksonville State","24","Jacksonville State -4","DraftKings","53.5","4","6.5","","164","-198"
"401761640","Coastal Carolina","44","Marshall","27","Marshall -7","DraftKings","55.5","7","3","","220","-270"
"401752758","Texas","34","Vanderbilt","31","Texas -3.5","DraftKings","48.5","-3.5","-3.5","","-175","145"
"401762849","Bowling Green","3","Buffalo","28","Bowling Green -2.5","DraftKings","44.5","-2.5","-1.5","","-130","110"
"401762498","Temple","14","East Carolina","45","East Carolina -5.5","DraftKings","58.5","5.5","4.5","","185","-225"
"401754580","Virginia Tech","16","Louisville","28","Louisville -10.5","DraftKings","52.5","10.5","11.5","","310","-395"
"401761642","South Alabama","22","Louisiana","31","South Alabama -3.5","DraftKings","52.5","-3.5","-4.5","","-180","150"
"401760405","San Diego State","24","Wyoming","7","San Diego State -10","DraftKings","42.5","-10","-10","","-375","295"
"401754578","Florida State","42","Wake Forest","7","Florida State -12.5","DraftKings","50.5","-12.5","-7","","-440","340"
"401754579","NC State","48","Georgia Tech","36","Georgia Tech -4.5","DraftKings","58.5","4.5","4.5","","164","-198"
"401761635","Old Dominion","24","App State","21","Old Dominion -13.5","DraftKings","62.5","-13.5","-13.5","","-500","380"
"401762494","Memphis","34","South Florida","31","South Florida -3.5","DraftKings","58.5","3.5","-3","","145","-175"
"401756953","Texas Tech","48","UCF","9","Texas Tech -24.5","DraftKings","48.5","-24.5","","47.5","-2800","1300"
"401757303","Western Kentucky","42","Middle Tennessee","26","Western Kentucky -13.5","DraftKings","51.5","-13.5","-13.5","","-550","410"
"401762508","East Carolina","31","Memphis","27","East Carolina -3","DraftKings","56.5","-3","-2.5","","-148","124"
"401762509","Tulane","35","Florida Atlantic","24","Tulane -16.5","DraftKings","60.5","-16.5","-16.5","","-800","550"
"401761650","Georgia Southern","45","Coastal Carolina","40","Georgia Southern -3","DraftKings","59.5","-3","-1.5","","-155","130"
"401752766","Georgia","35","Texas","10","Georgia -3.5","DraftKings","50.5","-3.5","-2.5","","-180","150"
"401752953","Washington State","28","Louisiana Tech","3","Washington State -10","DraftKings","43.5","-10","-3.5","","-410","320"
"401756944","TCU","17","Iowa State","20","TCU -7.5","DraftKings","58.5","-7.5","-3","","-298","240"
"401752764","Vanderbilt","45","Auburn","38","Vanderbilt -6","DraftKings","46.5","-6","-5.5","","-230","190"
"401761645","Coastal Carolina","40","Georgia State","27","Coastal Carolina -7","DraftKings","56.5","-7","-6.5","","-285","230"
"401756896","Baylor","24","Arizona State","27","Baylor -3","DraftKings","60.5","-3","-2.5","","-142","120"
"401760403","San José State","45","Hawai'i","38","San José State -2.5","DraftKings","55.5","-2.5","-1.5","","-130","110"
"401754584","Boston College","13","SMU","45","SMU -10.5","DraftKings","54.5","10.5","13.5","","330","-425"
"401756945","Texas Tech","29","BYU","7","Texas Tech -13.5","DraftKings","50.5","-13.5","-8.5","","-500","380"
"401756947","West Virginia","29","Colorado","22","West Virginia -6.5","DraftKings","51.5","-6.5","-4.5","","-245","200"
"401761646","Marshall","23","James Madison","35","James Madison -13.5","DraftKings","53.5","13.5","12.5","","425","-575"
"401761647","Arkansas State","21","Southern Miss","27","Southern Miss -6.5","DraftKings","54.5","6.5","3.5","","195","-238"
"401756955","Cincinnati","14","BYU","26","BYU -2.5","DraftKings","56.5","2.5","-3.5","","120","-142"
"401752711","Ole Miss","45","Tulane","10","Ole Miss -12.5","DraftKings","61.5","-12.5","-13.5","","-440","340"
"401754534","Tulane","34","Duke","27","Tulane -1.5","DraftKings","52.5","-1.5","","","-120","100"
"401756889","Arizona State","34","Texas State","15","Arizona State -18.5","DraftKings","61.5","-18.5","","","-1050","675"
"401760426","New Mexico","23","San Diego State","17","San Diego State -1.5","DraftKings","41.5","1.5","3","","-105","-115"
"401757168","Delaware","44","UConn","41","UConn -8.5","DraftKings","52.5","8.5","","","245","-305"
"401752949","North Texas","59","Washington State","10","North Texas -6.5","DraftKings","57.5","-6.5","","","-278","225"
"401754638","West Virginia","31","Pittsburgh","24","Pittsburgh -7","DraftKings","55.5","7","2.5","","220","-270"
"401757256","Bowling Green","23","Liberty","13","Liberty -6","DraftKings","51.5","6","","51.5","180","-218"
"401760370","Hawai'i","23","Portland State","3","Hawai'i -35.5","DraftKings","54.5","-35.5","-38.5","","",""
"401754553","Florida State","22","Miami","28","Miami -3.5","DraftKings","54.5","3.5","7","","142","-170"
"401752919","USC","29","UCLA","10","USC -21.5","DraftKings","58.5","-21.5","-19.5","","-1650","950"
"401761617","North Texas","36","South Alabama","22","North Texas -13.5","DraftKings","63.5","-13.5","-10.5","","-500","380"
"401762825","Ohio","35","Bowling Green","20","Ohio -7.5","DraftKings","49.5","-7.5","-10","","-325","260"
"401752725","Vanderbilt","55","Utah State","35","Vanderbilt -23.5","DraftKings","57.5","-23.5","-21.5","","-2100","1100"
"401762826","Central Michigan","24","Eastern Michigan","13","Central Michigan -3","DraftKings","55.5","-3","-4.5","","-162","136"
"401760380","Northern Illinois","3","San Diego State","6","San Diego State -1.5","DraftKings","41.5","1.5","2.5","","105","-125"
"401757173","UConn","38","UAB","19","UConn -10","DraftKings","61.5","-10","-12.5","","-375","295"
"401760401","Air Force","17","Army","20","Army -1.5","DraftKings","48.5","1.5","1.5","","-110","-110"
"401760404","UNLV","35","New Mexico","40","UNLV -3.5","DraftKings","61.5","-3.5","-5.5","","-180","150"
"401757293","Liberty","59","Delaware","30","Liberty -3.5","DraftKings","52.5","-3.5","-2.5","","-170","142"
"401757294","Western Kentucky","35","New Mexico State","16","Western Kentucky -7.5","DraftKings","53.5","-7.5","-9.5","","-298","240"
"401762473","Navy","21","Rice","13","Navy -14","DraftKings","45.5","-14","-14","","-600","440"
"401762504","East Carolina","48","Charlotte","22","East Carolina -27.5","DraftKings","56.5","-27.5","-28.5","","-4000","1600"
"401756900","Oklahoma State","12","Tulsa","19","Oklahoma State -10","DraftKings","54.5","-10","-13.5","","-375","295"
"401752708","Memphis","32","Arkansas","31","Arkansas -7","DraftKings","59.5","7","5.5","","220","-270"
"401761630","Georgia Southern","41","Georgia State","24","Georgia Southern -6.5","DraftKings","58.5","-6.5","-6","","-238","195"
"401752841","Oregon","41","Oregon State","7","Oregon -33.5","DraftKings","58.5","-33.5","-26.5","","",""
"401752952","Washington State","28","Toledo","7","Toledo -1.5","DraftKings","44.5","1.5","1.5","","105","-125"
"401761610","Eastern Michigan","34","Louisiana","31","Louisiana -2.5","DraftKings","51.5","2.5","6.5","","114","-135"
"401752714","Oklahoma","24","Auburn","17","Oklahoma -6.5","DraftKings","47.5","-6.5","-4.5","","-245","200"
"401752712","Mississippi State","38","Northern Illinois","10","Mississippi State -23.5","DraftKings","48.5","-23.5","-21.5","","-2400","1200"
"401757300","Sam Houston","26","Delaware","23","Delaware -11.5","DraftKings","56.5","11.5","7","","350","-455"
"401756899","Kansas","41","West Virginia","10","Kansas -12.5","DraftKings","54.5","-12.5","-10.5","","-455","350"
"401756909","BYU","38","West Virginia","24","BYU -19.5","DraftKings","46.5","-19.5","-18.5","","-1450","850"
"401754605","Clemson","45","Furman","10","Clemson -41.5","DraftKings","55.5","-41.5","-41.5","","",""
"401762862","Bowling Green","16","Akron","19","Bowling Green -2.5","DraftKings","47.5","-2.5","-4.5","","-135","114"
"401762863","Ohio","42","Massachusetts","14","Ohio -33.5","DraftKings","53.5","-33.5","-29.5","","-10000","3000"
"401762520","South Florida","52","Rice","3","South Florida -28.5","DraftKings","57.5","-28.5","-24.5","","-6500","2000"
"401760421","Colorado State","21","Air Force","42","Air Force -2.5","DraftKings","47.5","2.5","","49.5","114","-135"
"401762442","North Texas","52","Temple","25","North Texas -20.5","DraftKings","65.5","-20.5","-18.5","","-1350","800"
"401761666","Southern Miss","18","Troy","28","Southern Miss -7","DraftKings","50.5","-7","-5.5","","-265","215"
"401761662","Coastal Carolina","10","James Madison","59","James Madison -24.5","DraftKings","54.5","24.5","21","","1300","-2800"
"401752667","Baylor","24","Auburn","38","Auburn -1.5","DraftKings","57.5","1.5","1.5","57.5","-105","-115"
"401752807","Penn State","46","Nevada","11","Penn State -45.5","DraftKings","58.5","-45.5","-45.5","58.5","",""
"401762456","Massachusetts","10","Temple","42","Temple -3","DraftKings","51.5","3","3","51.5","124","-148"
"401762871","Northern Illinois","31","Kent State","35","Northern Illinois -4.5","DraftKings","44.5","-4.5","-4.5","","-205","170"
"401762443","UTSA","48","Tulane","26","Tulane -6","DraftKings","54.5","6","3.5","","195","-238"
"401762497","Rice","14","Memphis","38","Memphis -14","DraftKings","48.5","14","17.5","","490","-675"
"401756958","Iowa State","38","Kansas","14","Iowa State -3","DraftKings","55.5","-3","-4.5","","-162","136"
"401756956","Colorado","17","Arizona State","42","Arizona State -7","DraftKings","47.5","7","4.5","","215","-265"
"401752844","Rutgers","28","Iowa","38","Iowa -2.5","DraftKings","46.5","2.5","3","","110","-130"
"401754537","Clemson","21","Syracuse","34","Clemson -17.5","DraftKings","53.5","-17.5","-17.5","","-850","575"
"401754538","Duke","45","NC State","33","Duke -3","DraftKings","57.5","-3","-3","","-155","130"
"401760372","Air Force","37","Boise State","49","Boise State -10.5","DraftKings","51.5","10.5","8.5","","300","-380"
"401756897","Colorado","37","Wyoming","20","Colorado -12.5","DraftKings","45.5","-12.5","-15.5","","-470","360"
"401752847","USC","45","Michigan State","31","USC -18.5","DraftKings","55.5","-18.5","-14.5","","-950","625"
"401752724","Texas A&M","16","Auburn","10","Texas A&M -6.5","DraftKings","51.5","-6.5","-6.5","","-238","195"
"401762472","Florida Atlantic","26","Memphis","55","Memphis -14","DraftKings","62.5","14","14","","425","-575"
"401752909","Northwestern","38","Minnesota","35","Northwestern -4","DraftKings","40.5","-4","-4","","-192","160"
"401752912","Ohio State","42","Rutgers","9","Ohio State -28.5","DraftKings","54.5","-28.5","-32.5","","-4500","1700"
"401778304","South Florida","10","Old Dominion","24","South Florida -4","DraftKings","52.5","-4","","","-192","160"
"401762842","Toledo","45","Kent State","10","Toledo -25.5","DraftKings","48.5","-25.5","-23.5","","-4000","1600"
"401762840","Massachusetts","21","Buffalo","28","Buffalo -16.5","DraftKings","47.5","16.5","17","","550","-800"
"401761633","UL Monroe","14","Troy","37","Troy -4.5","DraftKings","45.5","4.5","4.5","","170","-205"
"401752742","Georgia","43","Ole Miss","35","Georgia -7.5","DraftKings","56.5","-7.5","-10.5","","-285","230"
"401752878","Indiana","38","Michigan State","13","Indiana -26.5","DraftKings","49.5","-26.5","-25.5","","-3600","1500"
"401761629","App State","37","Coastal Carolina","45","App State -10.5","DraftKings","48.5","-10.5","-9.5","","-395","310"
"401761631","James Madison","63","Old Dominion","27","James Madison -3","DraftKings","47.5","-3","-1.5","","-155","130"
"401762489","Charlotte","14","Temple","49","Temple -10","DraftKings","47.5","10","12.5","","310","-395"
"401762491","North Texas","55","UTSA","17","North Texas -4","DraftKings","64.5","-4","-5.5","","-192","160"
"401762838","Ball State","42","Akron","28","Akron -2.5","DraftKings","44.5","2.5","-1.5","","105","-125"
"401762843","Ohio","48","Northern Illinois","21","Ohio -10.5","DraftKings","41.5","-10.5","-12.5","","-425","330"
"401752876","Rutgers","10","Oregon","56","Oregon -17.5","DraftKings","62.5","17.5","16.5","","650","-1000"
"401762490","South Florida","48","Florida Atlantic","13","South Florida -20.5","DraftKings","72.5","-20.5","-18.5","","-1450","850"
"401757286","Louisiana Tech","27","Western Kentucky","28","Louisiana Tech -5.5","DraftKings","49.5","-5.5","-3","","-238","195"
"401752842","Washington State","24","Washington","59","Washington -21","DraftKings","51.5","21","12.5","","900","-1600"
"401754556","Virginia Tech","23","Wake Forest","30","Virginia Tech -4.5","DraftKings","51.5","-4.5","-5.5","","-198","164"
"401760397","Nevada","3","Boise State","24","Boise State -21","DraftKings","50.5","21","21.5","","850","-1450"
"401762488","Tulane","24","Army","17","Tulane -10","DraftKings","44.5","-10","-10.5","","-360","285"
"401752750","Oklahoma","26","Ole Miss","34","Oklahoma -5.5","DraftKings","52.5","-5.5","-2.5","","-198","164"
"401754571","Georgia Tech","41","Syracuse","16","Georgia Tech -17.5","DraftKings","52.5","-17.5","-18.5","","-1000","650"
"401752763","Missouri","17","Texas A&M","38","Texas A&M -7","DraftKings","48.5","7","6.5","","215","-265"
"401761656","App State","26","Marshall","24","Marshall -4","DraftKings","56.5","4","3.5","","154","-185"
"401757175","Florida Atlantic","45","UConn","48","UConn -6","DraftKings","63.5","6","7.5","","190","-230"
"401762513","UTSA","58","East Carolina","24","East Carolina -1.5","DraftKings","62.5","1.5","4","","-102","-118"
"401762515","Temple","13","Tulane","37","Tulane -7.5","DraftKings","54.5","7.5","8.5","","220","-270"
"401752914","Maryland","20","Michigan","45","Michigan -14","DraftKings","46.5","14","11.5","","390","-520"
"401756957","Houston","14","TCU","17","TCU -1.5","DraftKings","56.5","1.5","-2.5","","102","-122"
"401756959","UCF","17","Oklahoma State","14","UCF -13.5","DraftKings","47.5","-13.5","-14","","-550","410"
"401752908","Penn State","37","Nebraska","10","Penn State -7","DraftKings","45.5","-7","-7.5","","-285","230"
"401754601","Georgia Tech","28","Pittsburgh","42","Georgia Tech -2.5","DraftKings","61.5","-2.5","-3","","-135","114"
"401752775","Florida","11","Tennessee","31","Tennessee -3.5","DraftKings","57.5","3.5","-4","","145","-175"
"401752915","Wisconsin","27","Illinois","10","Illinois -8.5","DraftKings","42.5","8.5","9.5","","275","-345"
"401777325","Jacksonville State","15","Kennesaw State","19","Kennesaw State -3","DraftKings","62.5","3","","58.5","136","-162"
"401777352","James Madison","31","Troy","14","James Madison -24.5","DraftKings","47.5","-24.5","","","-3600","1500"
"401777324","Tulane","34","North Texas","21","North Texas -1.5","DraftKings","66.5","1.5","","66.5","100","-120"
"401777326","Boise State","38","UNLV","21","Boise State -6","DraftKings","59.5","-6","-3","","-245","200"
"401778303","Jacksonville State","17","Troy","13","Jacksonville State -3.5","DraftKings","47.5","-3.5","","","-175","145"
"401779840","Oklahoma","24","Alabama","34","Oklahoma -1.5","DraftKings","42.5","-1.5","","","-130","110"
"401778305","Delaware","20","Louisiana","13","Louisiana -1.5","DraftKings","60.5","1.5","","","105","-125"
"401778312","Hawai'i","35","California","31","Hawai'i -1.5","DraftKings","50.5","-1.5","","","-118","-102"
"401778331","Utah","44","Nebraska","22","Utah -13.5","DraftKings","51.5","-13.5","","","-535","400"
"401831583","SMU","24","Arizona","19","SMU -2.5","DraftKings","55.5","-2.5","","","-142","120"
"401778332","Texas State","41","Rice","10","Texas State -19.5","DraftKings","55.5","-19.5","-10.5","59.5","-900","600"
"401777351","Alabama","7","Georgia","28","Georgia -1.5","DraftKings","48.5","1.5","","","105","-125"
"401777328","Virginia","20","Duke","27","Virginia -3.5","DraftKings","58.5","-3.5","","","-175","145"
"401777353","Ohio State","10","Indiana","13","Ohio State -3.5","DraftKings","45.5","-3.5","","48.5","-180","150"
"401778333","Cincinnati","13","Navy","35","Navy -7.5","DraftKings","57.5","7.5","","","240","-298"
"401778334","Mississippi State","29","Wake Forest","43","Mississippi State -3","DraftKings","52.5","-3","-3","56.5","-148","124"
"401778328","Vanderbilt","27","Iowa","34","Vanderbilt -3","DraftKings","47.5","-3","-4","49.5","-170","142"
"401778329","Duke","42","Arizona State","39","Duke -4","DraftKings","49.5","-4","","49.5","-180","150"
"401756928","UCF","45","West Virginia","13","UCF -6.5","DraftKings","46.5","-6.5","-9.5","","-238","195"
"401752718","Georgia","21","Alabama","24","Georgia -2.5","DraftKings","53.5","-2.5","-4","","-142","120"
"401756895","Wyoming","6","Utah","31","Utah -24.5","DraftKings","47.5","24.5","","","1400","-3200"
"401752939","Oregon State","24","Houston","27","Houston -11.5","DraftKings","48.5","11.5","12.5","","360","-470"
"401756920","Oklahoma State","17","Houston","39","Houston -14.5","DraftKings","47.5","14.5","14","","470","-650"
"401762482","Florida Atlantic","53","UAB","33","Florida Atlantic -4.5","DraftKings","66.5","-4.5","-4.5","","-205","170"
"401760386","UNLV","51","Air Force","48","UNLV -7","DraftKings","65.5","-7","-7","","-250","205"
"401762834","Western Michigan","42","Ball State","0","Western Michigan -9.5","DraftKings","43.5","-9.5","-10","","-340","270"
"401752883","Nebraska","28","Northwestern","21","Nebraska -7","DraftKings","44.5","-7","-8.5","","-278","225"
"401752754","Auburn","3","Kentucky","10","Auburn -11.5","DraftKings","44.5","-11.5","-10","","-470","360"
"401754581","SMU","26","Miami","20","Miami -8.5","DraftKings","50.5","8.5","1.5","","260","-325"
"401754582","Stanford","20","Pittsburgh","35","Pittsburgh -13.5","DraftKings","51.5","13.5","15.5","","425","-575"
"401756941","Kansas State","20","Texas Tech","43","Texas Tech -7.5","DraftKings","51.5","7.5","-4.5","","225","-278"
"401752761","Ole Miss","49","The Citadel","0","Ole Miss -51.5","DraftKings","63.5","-51.5","-51.5","","",""
"401757299","Liberty","17","Missouri State","21","Liberty -7.5","DraftKings","51.5","-7.5","-6.5","","-290","235"
"401757295","Delaware","25","Louisiana Tech","24","Louisiana Tech -5.5","DraftKings","56.5","5.5","4.5","","180","-218"
"401757296","Middle Tennessee","30","Florida International","56","Middle Tennessee -1.5","DraftKings","50.5","-1.5","1.5","","-118","-102"
"401757297","UTEP","27","Jacksonville State","30","Jacksonville State -1.5","DraftKings","46.5","1.5","1.5","","-105","-115"
"401762856","Akron","35","Kent State","42","Akron -7.5","DraftKings","49.5","-7.5","-4.5","","-310","250"
"401762857","Western Michigan","17","Ohio","13","Western Michigan -1.5","DraftKings","47.5","-1.5","2.5","","-120","100"
"401756951","Cincinnati","24","Arizona","30","Cincinnati -5.5","DraftKings","56.5","-5.5","","","-205","170"
"401756952","Oklahoma State","6","Kansas State","14","Kansas State -19.5","DraftKings","50.5","19.5","20.5","","800","-1350"
"401752945","Tulsa","31","Oregon State","14","Tulsa -1.5","DraftKings","50.5","-1.5","","","-115","-105"
"401760411","New Mexico","20","Colorado State","17","New Mexico -15.5","DraftKings","53.5","-15.5","-12.5","","-700","500"
"401752906","Illinois","24","Maryland","6","Illinois -16.5","DraftKings","51.5","-16.5","-13.5","","-750","525"
"401752907","USC","26","Iowa","21","USC -6.5","DraftKings","48.5","-6.5","-6.5","","-230","190"
"401756906","Kansas State","34","UCF","20","Kansas State -6","DraftKings","48.5","-6","-6.5","","-225","185"
"401756905","Kansas","34","Cincinnati","37","Kansas -5.5","DraftKings","55.5","-5.5","-6","","-218","180"
"401752865","Illinois","16","Ohio State","34","Ohio State -14.5","DraftKings","51.5","14.5","13.5","","525","-750"
"401752863","Michigan State","13","UCLA","38","Michigan State -7","DraftKings","51.5","-7","-8.5","","-270","220"
"401752746","Arkansas","24","Auburn","33","Arkansas -2.5","DraftKings","56.5","-2.5","-1.5","","-135","114"
"401757270","Kennesaw State","24","Middle Tennessee","16","Kennesaw State -7","DraftKings","54.5","-7","-7","","-250","205"
"401757271","Old Dominion","21","Liberty","7","Old Dominion -14.5","DraftKings","53.5","-14.5","-8.5","","-675","490"
"401754548","NC State","21","Virginia Tech","23","NC State -10","DraftKings","57.5","-10","-7.5","","-360","285"
"401752950","Colorado State","3","Washington State","20","Colorado State -4.5","DraftKings","48.5","-4.5","-4","","-205","170"
"401752951","Virginia","22","Washington State","20","Virginia -16.5","DraftKings","56.5","-16.5","-19.5","","-800","550"
"401760379","Boise State","47","App State","14","Boise State -16.5","DraftKings","59.5","-16.5","-17.5","","-900","600"
"401761615","Louisiana","54","Marshall","51","Marshall -2.5","DraftKings","47.5","2.5","-3.5","","110","-130"
"401756902","Arizona State","27","TCU","24","Arizona State -3","DraftKings","54.5","-3","-1.5","","-148","124"
"401760387","Boise State","41","New Mexico","25","Boise State -14.5","DraftKings","58.5","-14.5","-16.5","","-650","470"
"401762493","Navy","42","Florida Atlantic","32","Navy -14.5","DraftKings","63.5","-14.5","-14.5","","-675","490"
"401761638","Troy","35","Louisiana","23","Troy -7","DraftKings","47.5","-7","-8.5","","-290","235"
"401754557","NC State","56","Campbell","10","NC State -42.5","DraftKings","61.5","-42.5","-42.5","","",""
"401756913","Houston","11","Texas Tech","35","Texas Tech -13.5","DraftKings","51.5","13.5","8.5","","390","-520"
"401761621","Troy","31","South Alabama","24","South Alabama -2.5","DraftKings","46.5","2.5","-3","","105","-125"
"401757278","Middle Tennessee","20","Missouri State","22","Missouri State -3","DraftKings","51.5","3","3.5","","130","-155"
"401762502","Rice","24","UAB","17","UAB -1.5","DraftKings","51.5","1.5","-4.5","","-108","-112"
"401762505","Florida Atlantic","40","Tulsa","21","Florida Atlantic -4.5","DraftKings","60.5","-4.5","-5.5","","-198","164"
"401761648","Louisiana","42","Texas State","39","Texas State -3.5","DraftKings","62.5","3.5","3","","145","-175"
"401757174","UConn","26","Air Force","16","UConn -7.5","DraftKings","64.5","-7.5","-7","","-305","245"
"401762507","Charlotte","7","UTSA","28","UTSA -16.5","DraftKings","57.5","16.5","18.5","","525","-750"
"401762510","Navy","41","South Florida","38","South Florida -9.5","DraftKings","62.5","9.5","10","","270","-340"
"401761651","Georgia State","18","Marshall","30","Marshall -9.5","DraftKings","59.5","9.5","5.5","","270","-340"
"401762506","UAB","24","North Texas","53","North Texas -17.5","DraftKings","68.5","17.5","19.5","","650","-1000"
"401757304","Missouri State","38","UTEP","24","Missouri State -6.5","DraftKings","47.5","-6.5","-4.5","","-258","210"
"401760413","Nevada","55","San José State","10","San José State -10","DraftKings","49.5","10","8.5","","295","-375"
"401761653","UL Monroe","14","South Alabama","26","South Alabama -4","DraftKings","49.5","4","3.5","","154","-185"
"401761654","Southern Miss","14","Texas State","41","Southern Miss -3","DraftKings","65.5","-3","-6.5","","-162","136"
"401757301","Florida International","34","Liberty","27","Liberty -2.5","DraftKings","51.5","2.5","4","","110","-130"
"401760414","UNLV","29","Utah State","26","UNLV -4.5","DraftKings","68.5","-4.5","","","-198","164"
"401757302","Jacksonville State","35","Kennesaw State","26","Kennesaw State -3.5","DraftKings","56.5","3.5","2.5","","160","-192"
"401752762","Mississippi State","21","Georgia","41","Georgia -9.5","DraftKings","56.5","9.5","9.5","","275","-345"
"401762855","Eastern Michigan","27","Bowling Green","21","Eastern Michigan -3","DraftKings","49.5","-3","-1.5","","-162","136"
"401760382","San Diego State","45","Colorado State","24","San Diego State -4.5","DraftKings","40.5","-4.5","-5.5","","-192","160"
"401754554","Louisville","27","Virginia","30","Louisville -6.5","DraftKings","59.5","-6.5","-7.5","","-250","205"
"401754586","Clemson","24","Florida State","10","Clemson -1.5","DraftKings","56.5","-1.5","-16.5","55.5","-118","-102"
"401754570","Louisville","38","Boston College","24","Louisville -25.5","DraftKings","54.5","-25.5","-22.5","","-2800","1300"
"401754550","Pittsburgh","48","Boston College","7","Pittsburgh -7","DraftKings","54.5","-7","-4.5","","-250","205"
"401752861","Purdue","27","Illinois","43","Illinois -7","DraftKings","54.5","7","12.5","","250","-310"
"401778306","Western Michigan","41","Kennesaw State","6","Western Michigan -3.5","DraftKings","47.5","-3.5","","","-162","136"
"401778307","NC State","31","Memphis","7","NC State -3.5","DraftKings","56.5","-3.5","","","-162","136"
"401779843","Oregon","51","James Madison","34","Oregon -20.5","DraftKings","47.5","-20.5","","","-2100","1100"
"401779842","Ole Miss","41","Tulane","10","Ole Miss -16.5","DraftKings","57.5","-16.5","","56.5","-850","575"
"401779841","Texas A&M","3","Miami","10","Texas A&M -3","DraftKings","48.5","-3","","","-142","120"
"401778308","Utah State","21","Washington State","34","Utah State -1.5","DraftKings","50.5","-1.5","","","-115","-105"
"401778309","Louisville","27","Toledo","22","Louisville -12.5","DraftKings","44.5","-12.5","-9.5","46.5","-485","370"
"401778310","Southern Miss","16","Western Kentucky","27","Southern Miss -3","DraftKings","59.5","-3","","","-142","120"
"401778311","Ohio","17","UNLV","10","UNLV -6.5","DraftKings","64.5","6.5","4","","205","-250"
"401778313","Northwestern","34","Central Michigan","7","Northwestern -13.5","DraftKings","43.5","-13.5","","","-500","380"
"401778316","East Carolina","23","Pittsburgh","17","Pittsburgh -12.5","DraftKings","51.5","12.5","","60.5","370","-485"
"401778317","Clemson","10","Penn State","22","Clemson -2.5","DraftKings","47.5","-2.5","","","-135","114"
"401778318","Army","41","UConn","16","Army -8.5","DraftKings","41.5","-8.5","","","-310","250"
"401778302","Washington","38","Boise State","10","Washington -10","DraftKings","55.5","-10","","","-380","300"
"401761612","Texas State","35","Nicholls","3","Texas State -32.5","DraftKings","57.5","-32.5","","","-9000","2500"
"401777329","Western Michigan","23","Miami (OH)","13","Western Michigan -2.5","DraftKings","44.5","-2.5","","43.5","-142","120"
"401778324","App State","10","Georgia Southern","29","Georgia Southern -10","DraftKings","57.5","10","","","300","-380"
"401762521","Navy","17","Army","16","Navy -6.5","DraftKings","37.5","-6.5","","","-250","205"
"401778330","Texas","41","Michigan","27","Texas -4.5","DraftKings","50.5","-4.5","","","-198","164"
"401757306","Kennesaw State","41","Missouri State","34","Kennesaw State -6.5","DraftKings","54.5","-6.5","-4","","-225","185"
"401762867","Toledo","38","Ball State","9","Toledo -29.5","DraftKings","45.5","-29.5","-22.5","","-9000","2500"
"401756960","Utah","51","Kansas State","47","Utah -17.5","DraftKings","52.5","-17.5","-16.5","","-850","575"
"401761660","Troy","31","Georgia State","19","Troy -9.5","DraftKings","50.5","-9.5","-10.5","","-360","285"
"401752779","South Carolina","51","Coastal Carolina","7","South Carolina -23.5","DraftKings","49.5","-23.5","-23.5","","-3200","1400"
"401777327","Texas Tech","34","BYU","7","Texas Tech -12.5","DraftKings","50.5","-12.5","","","-550","410"
"401752716","Vanderbilt","70","Georgia State","21","Vanderbilt -27.5","DraftKings","53.5","-27.5","-26.5","","-4500","1700"
"401754606","Wake Forest","52","Delaware","14","Wake Forest -17.5","DraftKings","49.5","-17.5","-17.5","","-1050","675"
"401762512","Army","25","Tulsa","26","Army -10","DraftKings","43.5","-10","-10.5","","-375","295"
"401752776","Georgia","35","Charlotte","3","Georgia -42.5","DraftKings","53.5","-42.5","-44.5","","",""
"401752954","James Madison","24","Washington State","20","James Madison -15.5","DraftKings","44.5","-15.5","-13.5","","-650","470"
"401756954","Arizona","41","Baylor","17","Arizona -6.5","DraftKings","61.5","-6.5","-6.5","","-238","195"
"401761657","Georgia Southern","10","Old Dominion","45","Old Dominion -10","DraftKings","61.5","10","10","","295","-375"
"401752773","Alabama","56","Eastern Illinois","0","Alabama -50.5","DraftKings","57.5","-50.5","-50.5","","",""
"401760410","San Diego State","17","Boise State","7","San Diego State -1.5","DraftKings","41.5","-1.5","-1.5","","-125","105"
"401760412","Fresno State","24","Wyoming","3","Fresno State -3","DraftKings","40.5","-3","-4.5","","-148","124"
"401762866","Kent State","16","Central Michigan","28","Central Michigan -7.5","DraftKings","50.5","7.5","7","","245","-305"
"401752778","Oklahoma","17","Missouri","6","Oklahoma -4.5","DraftKings","42.5","-4.5","-10.5","","-218","180"
"401754602","SMU","38","Louisville","6","SMU -4","DraftKings","49.5","-4","-1.5","","-185","154"
"401754603","Virginia Tech","17","Miami","34","Miami -17.5","DraftKings","49.5","17.5","15.5","","650","-1000"
"401761623","Coastal Carolina","23","UL Monroe","8","UL Monroe -3","DraftKings","46.5","3","2.5","","124","-148"
"401752860","Nebraska","38","Michigan State","27","Nebraska -12.5","DraftKings","48.5","-12.5","-10","","-485","370"
"401761609","Georgia Southern","45","Maine","17","Georgia Southern -23.5","DraftKings","57.5","-23.5","","","-2100","1100"
"401752940","App State","27","Oregon State","23","App State -1.5","DraftKings","53.5","-1.5","-1.5","","-122","102"
"401757265","Missouri State","42","UT Martin","10","Missouri State -14.5","DraftKings","55.5","-14.5","","","-600","440"
"401757280","Kennesaw State","35","Louisiana Tech","7","Louisiana Tech -4.5","DraftKings","46.5","4.5","5.5","","170","-205"
"401761643","Troy","10","Arkansas State","23","Troy -7.5","DraftKings","52.5","-7.5","-7","","-310","250"
"401754590","UConn","37","Duke","34","Duke -7.5","DraftKings","63.5","7.5","10.5","","250","-310"
"401757298","New Mexico State","21","Kennesaw State","24","Kennesaw State -11.5","DraftKings","52.5","11.5","6.5","","330","-425"
"401762471","East Carolina","28","Army","6","East Carolina -3.5","DraftKings","52.5","-3.5","-2.5","","-175","145"
"401760407","Colorado State","10","UNLV","42","UNLV -5.5","DraftKings","60.5","5.5","6.5","","180","-218"
"401762827","Miami (OH)","38","Lindenwood","0","Miami (OH) -22.5","DraftKings","49.5","-22.5","","","-2100","1100"
"401762474","Tulsa","14","Tulane","31","Tulane -14.5","DraftKings","52.5","14.5","14.5","","500","-700"
"401760384","San José State","35","New Mexico","28","San José State -1.5","DraftKings","58.5","-1.5","-3.5","","-120","100"
"401756915","UCF","20","Kansas","27","Kansas -4","DraftKings","53.5","4","3","","160","-192"
"401756921","Texas Tech","42","Kansas","17","Texas Tech -13.5","DraftKings","58.5","-13.5","-14","","-600","440"
"401760393","Boise State","56","UNLV","31","Boise State -12.5","DraftKings","60.5","-12.5","-8.5","","-485","370"
"401754372","Virginia Tech","42","California","34","Virginia Tech -6","DraftKings","50.5","-6","-2.5","","-225","185"
"401752748","LSU","25","Texas A&M","49","Texas A&M -1.5","DraftKings","50.5","1.5","-5.5","","102","-122"
"401760400","New Mexico","33","Utah State","14","New Mexico -3","DraftKings","61.5","-3","-1.5","","-155","130"
"401754545","Syracuse","3","Duke","38","Duke -4","DraftKings","59.5","4","6.5","","160","-192"
"401754555","SMU","31","Syracuse","18","SMU -17.5","DraftKings","56.5","-17.5","-16.5","","-750","525"
"401754551","California","21","Duke","45","Duke -3.5","DraftKings","54.5","3.5","1.5","","145","-175"
"401754587","Miami","38","Syracuse","10","Miami -28.5","DraftKings","46.5","-28.5","-28.5","","-5000","1800"
"401756917","Cincinnati","20","UCF","11","Cincinnati -10","DraftKings","55.5","-10","-10.5","","-395","310"
"401760399","Fresno State","0","San Diego State","23","San Diego State -3","DraftKings","46.5","3","2.5","","130","-155"
"401754544","Boston College","24","California","28","Boston College -6","DraftKings","54.5","-6","-4.5","","-230","190"
"401752870","Oregon","20","Indiana","30","Oregon -7","DraftKings","51.5","-7","-14.5","","-278","225"
"401752893","Penn State","24","Indiana","27","Indiana -14.5","DraftKings","49.5","14.5","11.5","","440","-600"
"401757274","New Mexico","38","New Mexico State","20","New Mexico -16.5","DraftKings","53.5","-16.5","-10","","-750","525"
"401762828","Western Michigan","47","Rhode Island","14","Western Michigan -7","DraftKings","45.5","-7","","43.5","-270","220"
"401756904","Iowa State","39","Arizona","14","Iowa State -4","DraftKings","48.5","-4","-7","","-180","150"
"401752721","Missouri","42","Massachusetts","6","Missouri -44.5","DraftKings","57.5","-44.5","-42.5","","",""
"401752898","Iowa","16","Oregon","18","Oregon -4.5","DraftKings","41.5","4.5","7.5","","164","-198"
"401754549","Stanford","30","San José State","29","Stanford -3","DraftKings","49.5","-3","-1.5","","-148","124"
"401757272","UTEP","11","Louisiana Tech","30","Louisiana Tech -3.5","DraftKings","48.5","3.5","4","","154","-185"
"401756903","Colorado","21","BYU","24","BYU -6.5","DraftKings","48.5","6.5","4","","205","-250"
"401752877","Wisconsin","0","Ohio State","34","Ohio State -24.5","DraftKings","41.5","24.5","28.5","","1300","-2800"
"401752752","Vanderbilt","17","Missouri","10","Vanderbilt -3","DraftKings","52.5","-3","-1.5","","-162","136"
"401752747","Kentucky","34","Tennessee","56","Tennessee -7.5","DraftKings","55.5","7.5","9.5","","235","-290"
"401752753","Arkansas","35","Mississippi State","38","Arkansas -5.5","DraftKings","66.5","-5.5","-3.5","","-205","170"
"401752892","Nebraska","17","USC","21","USC -4.5","DraftKings","59.5","4.5","4.5","","154","-185"
"401756942","Utah","45","Cincinnati","14","Utah -11.5","DraftKings","57.5","-11.5","-5.5","","-410","320"
"401752897","Purdue","10","Ohio State","34","Ohio State -29.5","DraftKings","49.5","29.5","28.5","","1700","-4500"
"401752719","Ole Miss","24","LSU","19","Ole Miss -2.5","DraftKings","57.5","-2.5","2.5","","-142","120"
"401760381","Navy","34","Air Force","31","Navy -13.5","DraftKings","50.5","-13.5","-11.5","","-520","390"
"401752728","Georgia","35","Kentucky","14","Georgia -19.5","DraftKings","48.5","-19.5","-20.5","","-1450","850"
"401756912","Cincinnati","38","Iowa State","30","Cincinnati -1.5","DraftKings","55.5","-1.5","3.5","","-125","105"
