"home","away","margin","week","site","FBS","home_conf","away_conf","home_AP","away_AP"
"KSU","ISU",-3,1,1,1,"BIG12","BIG12",17,22
"UNLV","IDST",7,1,1,0,"MTNWEST",NA,NA,NA
"KU","FRES",24,1,1,1,"BIG12","MTNWEST",NA,NA
"WKU","SHSU",17,1,1,1,"cUSA","cUSA",NA,NA
"HAW","STAN",3,1,1,1,"MTNWEST","ACC",NA,NA
"USF","BOIS",27,1,1,1,"AMERICAN","MTNWEST",NA,25
"RUTG","OHIO",3,1,1,1,"BIG10","MAC",NA,NA
"BGSU","LAF",19,1,1,0,"MAC",NA,NA,NA
"NCSU","ECU",7,1,1,1,"ACC","AMERICAN",NA,NA
"UCF","JVST",7,1,1,1,"BIG12","cUSA",NA,NA
"DEL","DSU",18,1,1,0,"cUSA",NA,NA,NA
"ULM","SFPA",29,1,1,0,"SUNBELT",NA,NA,NA
"AKR","WYO",-10,1,1,1,"MAC","MTNWEST",NA,NA
"MIZ","CARK",55,1,1,0,"SEC",NA,NA,NA
"DUKE","ELON",28,1,1,0,"ACC",NA,NA,NA
"OKST","UTM",20,1,1,0,"BIG12",NA,NA,NA
"MINN","BUFF",13,1,1,1,"BIG10","MAC",NA,NA
"HOU","SFA",27,1,1,0,"BIG12",NA,NA,NA
"UAB","ALST",10,1,1,0,"AMERICAN",NA,NA,NA
"CIN","NEB",-3,1,1,1,"BIG12","BIG10",NA,NA
"WIS","M-OH",17,1,1,1,"BIG10","MAC",NA,NA
"SDSU","STBK",42,1,1,0,"MTNWEST",NA,NA,NA
"ILL","WIU",49,1,1,0,"BIG10",NA,12,NA
"ARMY","TAR",-3,1,1,0,"AMERICAN",NA,NA,NA
"MSU","WMU",17,1,1,1,"BIG10","MAC",NA,NA
"WAKE","KENN",1,1,1,1,"ACC","cUSA",NA,NA
"CLT","APP",-23,1,1,0,"AMERICAN",NA,NA,NA
"KU","WAG",39,1,1,0,"BIG12",NA,NA,NA
"BAY","AUB",-14,1,1,1,"BIG12","SEC",NA,NA
"COLO","GT",-7,1,1,1,"BIG12","ACC",NA,NA
"FIU","BCU",33,1,1,0,"cUSA",NA,NA,NA
"SHSU","UNLV",-17,1,1,1,"cUSA","MTNWEST",NA,NA
"SJSU","CMU",-2,1,1,1,"MTNWEST","MAC",NA,NA
"OSU","TEX",7,1,1,1,"BIG10","SEC",3,1
"PSU","NEV",35,1,1,1,"BIG10","MTNWEST",2,NA
"CLEM","LSU",-7,1,1,1,"ACC","SEC",4,9
"UGA","MRSH",38,1,1,1,"SEC","SUNBELT",5,NA
"ORE","MTST",46,1,1,0,"BIG10",NA,7,NA
"FSU","ALA",14,1,1,1,"ACC","SEC",NA,8
"ASU","NAU",19,1,1,0,"BIG12",NA,11,NA
"MICH","UNM",17,1,1,1,"BIG10","MTNWEST",14,NA
"FLA","LIU",55,1,1,0,"SEC",NA,15,NA
"SMU","ETAM",29,1,1,0,"ACC",NA,16,NA
"KSU","UND",3,1,1,0,"BIG12",NA,17,NA
"OU","ILST",32,1,1,0,"SEC",NA,18,NA
"TA&M","UTSA",18,1,1,1,"SEC","AMERICAN",19,NA
"IU","ODU",13,1,1,1,"BIG10","SUNBELT",20,NA
"MISS","GAST",56,1,1,1,"SEC","SUNBELT",21,NA
"ISU","SDAK",48,1,1,0,"BIG12",NA,22,NA
"TTU","UAPB",60,1,1,0,"BIG12",NA,23,NA
"TENN","SYR",19,1,1,1,"SEC","ACC",24,NA
"USM","MSST",-17,1,1,1,"SUNBELT","SEC",NA,NA
"MD","FAU",32,1,1,1,"BIG10","AMERICAN",NA,NA
"PUR","BALL",31,1,1,1,"BIG10","MAC",NA,NA
"TULN","NU",20,1,1,1,"AMERICAN","BIG10",NA,NA
"PITT","DUQ",52,1,1,0,"ACC",NA,NA,NA
"NAVY","VMI",45,1,1,0,"AMERICAN",NA,NA,NA
"KENT","MRMK",4,1,1,0,"MAC",NA,NA,NA
"UK","TOL",8,1,1,1,"SEC","MAC",NA,NA
"BC","FOR",56,1,1,0,"ACC",NA,NA,NA
"WVU","RMU",42,1,1,0,"BIG12",NA,NA,NA
"CONN","CCSU",46,1,1,0,"ind",NA,NA,NA
"LOU","EKU",34,1,1,0,"ACC",NA,NA,NA
"AFA","BUCK",36,1,1,0,"MTNWEST",NA,NA,NA
"MASS","TEM",-32,1,1,1,"ind","AMERICAN",NA,NA
"NIU","HC",2,1,1,0,"MAC",NA,NA,NA
"LIB","ME",21,1,1,0,"cUSA",NA,NA,NA
"ARK","AAMU",45,1,1,0,"SEC",NA,NA,NA
"MEM","UTC",35,1,1,0,"AMERICAN",NA,NA,NA
"IOWA","ALB",27,1,1,0,"BIG10",NA,NA,NA
"UVA","CCU",41,1,1,1,"ACC","SUNBELT",NA,NA
"JMU","WEB",35,1,1,0,"SUNBELT",NA,NA,NA
"VAN","CHSO",42,1,1,0,"SEC",NA,NA,NA
"MTSU","APSU",-20,1,1,1,"cUSA","SUNBELT",NA,NA
"WKU","UNA",49,1,1,0,"cUSA",NA,NA,NA
"ARST","SEMO",18,1,1,0,"SUNBELT",NA,NA,NA
"USA","MORG",17,1,1,0,"SUNBELT",NA,NA,NA
"TROY","NICH",18,1,1,0,"SUNBELT",NA,NA,NA
"USC","MOST",60,1,1,1,"BIG10","cUSA",NA,NA
"LT","SELA",24,1,1,0,"cUSA",NA,NA,NA
"USU","UTEP",12,1,1,1,"MTNWEST","cUSA",NA,NA
"BYU","PRST",69,1,1,0,"BIG12",NA,NA,NA
"UL","RICE",-2,1,1,1,"SUNBELT","AMERICAN",NA,NA
"TXST","EMU",25,1,1,1,"SUNBELT","MAC",NA,NA
"UNT","LAM",51,1,1,0,"AMERICAN",NA,NA,NA
"TLSA","ACU",28,1,1,0,"AMERICAN",NA,NA,NA
"NMSU","BRY",16,1,1,0,"cUSA",NA,NA,NA
"FRES","GASO",28,1,1,1,"MTNWEST","SUNBELT",NA,NA
"WSU","IDHO",3,1,1,0,"PAC12",NA,NA,NA
"ORST","CAL",-19,1,1,1,"PAC12","ACC",NA,NA
"ARIZ","HAW",34,1,1,1,"BIG12","MTNWEST",NA,NA
"UCLA","UTAH",-33,1,1,1,"BIG10","BIG12",NA,NA
"WASH","CSU",17,1,1,1,"BIG10","MTNWEST",NA,NA
"MIA","ND",3,1,1,1,"ACC","ind",10,6
"SC","VT",13,1,1,1,"SEC","ACC",13,NA
"UNC","TCU",-34,1,1,1,"ACC","BIG12",NA,NA
"LOU","JMU",14,2,1,1,"ACC","SUNBELT",NA,NA
"NU","WIU",35,2,1,0,"BIG10",NA,NA,NA
"MD","NIU",11,2,1,1,"BIG10","MAC",NA,NA
"BOIS","EWU",37,2,1,0,"MTNWEST",NA,NA,NA
"OSU","GRAM",70,2,1,0,"BIG10",NA,1,NA
"PSU","FIU",34,2,1,1,"BIG10","cUSA",2,NA
"LSU","LT",16,2,1,1,"SEC","cUSA",3,NA
"UGA","APSU",22,2,1,1,"SEC","SUNBELT",4,NA
"MIA","BCU",42,2,1,0,"ACC",NA,5,NA
"ORE","OKST",66,2,1,1,"BIG10","BIG12",6,NA
"TEX","SJSU",31,2,1,1,"SEC","MTNWEST",7,NA
"CLEM","TROY",11,2,1,1,"ACC","SUNBELT",8,NA
"SC","SCST",28,2,1,0,"SEC",NA,10,NA
"DUKE","ILL",-26,2,1,1,"ACC","BIG10",NA,11
"MSST","ASU",4,2,1,1,"SEC","BIG12",NA,12
"FLA","USF",-2,2,1,1,"SEC","AMERICAN",13,NA
"FSU","ETAM",74,2,1,0,"ACC",NA,14,NA
"OU","MICH",11,2,1,1,"SEC","BIG10",18,15
"ISU","IOWA",3,2,1,1,"BIG12","BIG10",16,NA
"SMU","BAY",-3,2,1,1,"ACC","BIG12",17,NA
"TA&M","USU",22,2,1,1,"SEC","MTNWEST",19,NA
"UK","MISS",-7,2,1,1,"SEC","SEC",NA,20
"ALA","ULM",73,2,1,1,"SEC","SUNBELT",21,NA
"TENN","ETSU",55,2,1,0,"SEC",NA,22,NA
"IU","KENN",47,2,1,1,"BIG10","cUSA",23,NA
"TTU","KENT",48,2,1,1,"BIG12","MAC",24,NA
"UTAH","CP",54,2,1,0,"BIG12",NA,25,NA
"MINN","NWST",66,2,1,0,"BIG10",NA,NA,NA
"NCSU","UVA",4,2,1,1,"ACC","ACC",NA,NA
"PITT","CMU",28,2,1,1,"ACC","MAC",NA,NA
"SYR","CONN",7,2,1,1,"ACC","ind",NA,NA
"JVST","LIB",10,2,1,1,"cUSA","cUSA",NA,NA
"TEM","HOW",48,2,1,0,"AMERICAN",NA,NA,NA
"UNM","IDST",10,2,1,0,"MTNWEST",NA,NA,NA
"MIZ","KU",11,2,1,1,"SEC","BIG12",NA,NA
"ORST","FRES",-9,2,1,1,"PAC12","MTNWEST",NA,NA
"GT","GWEB",47,2,1,0,"ACC",NA,NA,NA
"CIN","BGSU",14,2,1,1,"BIG12","MAC",NA,NA
"COLO","DEL",24,2,1,1,"BIG12","cUSA",NA,NA
"APP","LIN",7,2,1,0,NA,NA,NA,NA
"UTSA","TXST",-7,2,1,1,"AMERICAN","SUNBELT",NA,NA
"NAVY","UAB",14,2,1,1,"AMERICAN","AMERICAN",NA,NA
"WMU","UNT",-3,2,1,1,"MAC","AMERICAN",NA,NA
"BUFF","SFPA",39,2,1,0,"MAC",NA,NA,NA
"WIS","MTSU",32,2,1,1,"BIG10","cUSA",NA,NA
"OHIO","WVU",7,2,1,1,"MAC","BIG12",NA,NA
"WYO","UNI",24,2,1,0,"MTNWEST",NA,NA,NA
"WAKE","WCU",32,2,1,0,"ACC",NA,NA,NA
"RUTG","M-OH",28,2,1,1,"BIG10","MAC",NA,NA
"ARK","ARST",42,2,1,1,"SEC","SUNBELT",NA,NA
"NEV","SAC",3,2,1,0,"MTNWEST",NA,NA,NA
"USM","JKST",18,2,1,0,"SUNBELT",NA,NA,NA
"MASS","BRY",-1,2,1,0,"ind",NA,NA,NA
"CAL","TXSO",32,2,1,0,"ACC",NA,NA,NA
"MRSH","MOST",-1,2,1,1,"SUNBELT","cUSA",NA,NA
"ODU","NCCU",48,2,1,0,"SUNBELT",NA,NA,NA
"ECU","CAM",53,2,1,0,"AMERICAN",NA,NA,NA
"FAU","FAMU",42,2,1,0,"AMERICAN",NA,NA,NA
"CLT","UNC",-17,2,1,1,"AMERICAN","ACC",NA,NA
"KSU","ARMY",-3,2,1,1,"BIG12","AMERICAN",NA,NA
"RICE","HOU",-26,2,1,1,"AMERICAN","BIG12",NA,NA
"UCF","NCAT",61,2,1,0,"BIG12",NA,NA,NA
"TOL","WKU",24,2,1,1,"MAC","cUSA",NA,NA
"CSU","UNCO",4,2,1,0,"MTNWEST",NA,NA,NA
"GAST","MEM",-22,2,1,1,"SUNBELT","AMERICAN",NA,NA
"USA","TULN",-2,2,1,1,"SUNBELT","AMERICAN",NA,NA
"EMU","LIU",-5,2,1,0,"MAC",NA,NA,NA
"AUB","BALL",39,2,1,1,"SEC","MAC",NA,NA
"VT","VAN",-24,2,1,1,"ACC","SEC",NA,NA
"NEB","AKR",68,2,1,1,"BIG10","MAC",NA,NA
"USC","GASO",39,2,1,1,"BIG10","SUNBELT",NA,NA
"MSU","BC",2,2,1,1,"BIG10","ACC",NA,NA
"PUR","SIU",17,2,1,0,"BIG10",NA,NA,NA
"CCU","CHSO",13,2,1,0,"SUNBELT",NA,NA,NA
"UNLV","UCLA",7,2,1,1,"MTNWEST","BIG10",NA,NA
"UL","MCN",24,2,1,0,"SUNBELT",NA,NA,NA
"NMSU","TLSA",7,2,1,1,"cUSA","AMERICAN",NA,NA
"UTEP","UTM",25,2,1,0,"cUSA",NA,NA,NA
"ARIZ","WEB",45,2,1,0,"BIG12",NA,NA,NA
"WSU","SDSU",23,2,1,1,"PAC12","MTNWEST",NA,NA
"BYU","STAN",24,2,1,1,"BIG12","ACC",NA,NA
"WASH","UCD",60,2,1,0,"BIG10",NA,NA,NA
"HAW","SHSU",17,2,1,1,"MTNWEST","cUSA",NA,NA
"WAKE","NCSU",-10,3,1,1,"ACC","ACC",NA,NA
"IU","INST",73,3,1,0,"BIG10",NA,22,NA
"SYR","COLG",42,3,1,0,"ACC",NA,NA,NA
"HOU","COLO",16,3,1,1,"BIG12","BIG12",NA,NA
"ARIZ","KSU",6,3,1,1,"BIG12","BIG12",NA,NA
"UCLA","UNM",-25,3,1,1,"BIG10","MTNWEST",NA,NA
"OSU","OHIO",28,3,1,1,"BIG10","MAC",1,NA
"PSU","VILL",46,3,1,0,"BIG10",NA,2,NA
"LSU","FLA",10,3,1,1,"SEC","SEC",3,NA
"NU","ORE",-20,3,1,1,"BIG10","BIG10",NA,4
"MIA","USF",37,3,1,1,"ACC","AMERICAN",5,18
"TENN","UGA",-3,3,1,1,"SEC","SEC",15,6
"TEX","UTEP",17,3,1,1,"SEC","cUSA",7,NA
"ND","TA&M",-1,3,1,1,"ind","SEC",8,16
"ILL","WMU",38,3,1,1,"BIG10","MAC",9,NA
"SC","VAN",-24,3,1,1,"SEC","SEC",11,NA
"GT","CLEM",3,3,1,1,"ACC","ACC",NA,12
"TEM","OU",-39,3,1,1,"AMERICAN","SEC",NA,13
"ARST","ISU",-8,3,1,1,"SUNBELT","BIG12",NA,14
"MISS","ARK",6,3,1,1,"SEC","SEC",17,NA
"ALA","WIS",24,3,1,1,"SEC","BIG10",19,NA
"WYO","UTAH",-25,3,1,1,"MTNWEST","BIG12",NA,20
"TTU","ORST",31,3,1,1,"BIG12","PAC12",21,NA
"MICH","CMU",60,3,1,1,"BIG10","MAC",23,NA
"AUB","USA",16,3,1,1,"SEC","SUNBELT",24,NA
"MIZ","UL",42,3,1,1,"SEC","SUNBELT",25,NA
"NEB","HCU",52,3,1,0,"BIG10",NA,NA,NA
"MD","TOW",27,3,1,0,"BIG10",NA,NA,NA
"UVA","W&M",39,3,1,0,"ACC",NA,NA,NA
"BAY","SAM",35,3,1,0,"BIG12",NA,NA,NA
"TROY","MEM",-21,3,1,1,"SUNBELT","AMERICAN",NA,NA
"KENT","BUFF",-3,3,1,1,"MAC","MAC",NA,NA
"BALL","UNH",5,3,1,0,"MAC",NA,NA,NA
"DEL","CONN",3,3,1,1,"cUSA","ind",NA,NA
"RUTG","NORF",50,3,1,0,"BIG10",NA,NA,NA
"MSU","YSU",17,3,1,0,"BIG10",NA,NA,NA
"UNT","WSU",49,3,1,1,"AMERICAN","PAC12",NA,NA
"MOST","SMU",-18,3,1,1,"cUSA","ACC",NA,NA
"WVU","PITT",7,3,1,1,"BIG12","ACC",NA,NA
"UNC","RICH",35,3,1,0,"ACC",NA,NA,NA
"CIN","NWST",70,3,1,0,"BIG12",NA,NA,NA
"UTSA","UIW",28,3,1,0,"AMERICAN",NA,NA,NA
"TOL","MORG",60,3,1,0,"MAC",NA,NA,NA
"BGSU","LIB",10,3,1,1,"MAC","cUSA",NA,NA
"NEV","MTSU",-1,3,1,1,"MTNWEST","cUSA",NA,NA
"MSST","ALCN",63,3,1,0,"SEC",NA,NA,NA
"KENN","MRMK",14,3,1,0,"cUSA",NA,NA,NA
"MRSH","EKU",31,3,1,0,"SUNBELT",NA,NA,NA
"CLT","MONM",7,3,1,0,"AMERICAN",NA,NA,NA
"PUR","USC",-16,3,1,1,"BIG10","BIG10",NA,NA
"VT","ODU",-19,3,1,1,"ACC","SUNBELT",NA,NA
"GASO","JVST",7,3,1,1,"SUNBELT","cUSA",NA,NA
"GAST","MUR",16,3,1,0,"SUNBELT",NA,NA,NA
"USM","APP",16,3,1,0,"SUNBELT",NA,NA,NA
"RICE","PV",21,3,1,0,"AMERICAN",NA,NA,NA
"UK","EMU",25,3,1,1,"SEC","MAC",NA,NA
"IOWA","MASS",40,3,1,1,"BIG10","ind",NA,NA
"LT","NMSU",35,3,1,1,"cUSA","cUSA",NA,NA
"CCU","ECU",-38,3,1,1,"SUNBELT","AMERICAN",NA,NA
"TULN","DUKE",7,3,1,1,"AMERICAN","ACC",NA,NA
"TCU","ACU",21,3,1,0,"BIG12",NA,NA,NA
"TLSA","NAVY",-19,3,1,1,"AMERICAN","AMERICAN",NA,NA
"FIU","FAU",10,3,1,1,"cUSA","AMERICAN",NA,NA
"UAB","AKR",3,3,1,1,"AMERICAN","MAC",NA,NA
"USU","AFA",19,3,1,1,"MTNWEST","MTNWEST",NA,NA
"FRES","SOU",49,3,1,0,"MTNWEST",NA,NA,NA
"CAL","MINN",13,3,1,1,"ACC","BIG10",NA,NA
"STAN","BC",10,3,1,1,"ACC","ACC",NA,NA
"ASU","TXST",19,3,1,1,"BIG12","SUNBELT",NA,NA
"HAW","PRST",20,3,1,0,"MTNWEST",NA,NA,NA
"CLT","RICE",-11,4,1,1,"AMERICAN","AMERICAN",NA,NA
"OKST","TLSA",-7,4,1,1,"BIG12","AMERICAN",NA,NA
"RUTG","IOWA",-10,4,1,1,"BIG10","BIG10",NA,NA
"LSU","SELA",46,4,1,0,"SEC",NA,3,NA
"MIA","FLA",19,4,1,1,"ACC","SEC",4,NA
"ORE","ORST",34,4,1,1,"BIG10","PAC12",6,NA
"FSU","KENT",56,4,1,1,"ACC","MAC",7,NA
"TEX","SHSU",55,4,1,1,"SEC","cUSA",8,NA
"IU","ILL",53,4,1,1,"BIG10","BIG10",19,9
"OU","AUB",7,4,1,1,"SEC","SEC",11,22
"MISS","TULN",35,4,1,1,"SEC","AMERICAN",13,NA
"TENN","UAB",32,4,1,1,"SEC","AMERICAN",15,NA
"UTAH","TTU",-24,4,1,1,"BIG12","BIG12",16,17
"GT","TEM",21,4,1,1,"ACC","AMERICAN",18,NA
"VAN","GAST",49,4,1,1,"SEC","SUNBELT",20,NA
"NEB","MICH",-3,4,1,1,"BIG10","BIG10",NA,21
"MIZ","SC",9,4,1,1,"SEC","SEC",23,NA
"ND","PUR",26,4,1,1,"ind","BIG10",24,NA
"USC","MSU",14,4,1,1,"BIG10","BIG10",25,NA
"MEM","ARK",1,4,1,1,"AMERICAN","SEC",NA,NA
"WIS","MD",-17,4,1,1,"BIG10","BIG10",NA,NA
"CLEM","SYR",-13,4,1,1,"ACC","ACC",NA,NA
"VT","WOF",32,4,1,0,"ACC",NA,NA,NA
"TCU","SMU",11,4,1,1,"BIG12","ACC",NA,NA
"LOU","BGSU",23,4,1,1,"ACC","MAC",NA,NA
"M-OH","UNLV",-3,4,1,1,"MAC","MTNWEST",NA,NA
"ARMY","UNT",-7,4,1,1,"AMERICAN","AMERICAN",NA,NA
"USF","SCST",49,4,1,0,"AMERICAN",NA,NA,NA
"CMU","WAG",39,4,1,0,"MAC",NA,NA,NA
"UCF","UNC",25,4,1,1,"BIG12","ACC",NA,NA
"CONN","BALL",6,4,1,1,"ind","MAC",NA,NA
"LIB","JMU",-18,4,1,1,"cUSA","SUNBELT",NA,NA
"EMU","UL",3,4,1,1,"MAC","SUNBELT",NA,NA
"BUFF","TROY",-4,4,1,1,"MAC","SUNBELT",NA,NA
"WMU","TOL",1,4,1,1,"MAC","MAC",NA,NA
"OHIO","GWEB",17,4,1,0,"MAC",NA,NA,NA
"DUKE","NCSU",12,4,1,1,"ACC","ACC",NA,NA
"MSST","NIU",28,4,1,1,"SEC","MAC",NA,NA
"SJSU","IDHO",3,4,1,0,"MTNWEST",NA,NA,NA
"KU","WVU",31,4,1,1,"BIG12","BIG12",NA,NA
"FIU","DEL",-22,4,1,1,"cUSA","cUSA",NA,NA
"KENN","ARST",7,4,1,1,"cUSA","SUNBELT",NA,NA
"AKR","DUQ",44,4,1,0,"MAC",NA,NA,NA
"JVST","MUR",35,4,1,0,"cUSA",NA,NA,NA
"MTSU","MRSH",-14,4,1,1,"cUSA","SUNBELT",NA,NA
"MOST","UTM",32,4,1,0,"cUSA",NA,NA,NA
"WKU","NEV",15,4,1,1,"cUSA","MTNWEST",NA,NA
"AFA","BOIS",-12,4,1,1,"MTNWEST","MTNWEST",NA,NA
"GASO","ME",28,4,1,0,"SUNBELT",NA,NA,NA
"USA","CCU",-18,4,1,1,"SUNBELT","SUNBELT",NA,NA
"WSU","WASH",-35,4,1,1,"PAC12","BIG10",NA,NA
"UVA","STAN",28,4,1,1,"ACC","ACC",NA,NA
"BAY","ASU",-3,4,1,1,"BIG12","BIG12",NA,NA
"ECU","BYU",-21,4,1,1,"AMERICAN","BIG12",NA,NA
"LT","USM",10,4,1,1,"cUSA","SUNBELT",NA,NA
"USU","MCN",41,4,1,0,"MTNWEST",NA,NA,NA
"TXST","NICH",32,4,1,0,"SUNBELT",NA,NA,NA
"UTEP","ULM",-6,4,1,1,"cUSA","SUNBELT",NA,NA
"CSU","UTSA",-1,4,1,1,"MTNWEST","AMERICAN",NA,NA
"COLO","WYO",17,4,1,1,"BIG12","MTNWEST",NA,NA
"SDSU","CAL",34,4,1,1,"MTNWEST","ACC",NA,NA
"HAW","FRES",-2,4,1,1,"MTNWEST","MTNWEST",NA,NA
"ECU","ARMY",22,5,1,1,"AMERICAN","AMERICAN",NA,NA
"UVA","FSU",8,5,1,1,"ACC","ACC",NA,8
"ASU","TCU",3,5,1,1,"BIG12","BIG12",NA,24
"ORST","HOU",-3,5,1,1,"PAC12","BIG12",NA,NA
"WASH","OSU",-18,5,1,1,"BIG10","BIG10",NA,1
"PSU","ORE",-6,5,1,1,"BIG10","BIG10",3,6
"MISS","LSU",5,5,1,1,"SEC","SEC",13,4
"UGA","ALA",-3,5,1,1,"SEC","SEC",5,17
"TA&M","AUB",6,5,1,1,"SEC","SEC",9,NA
"IOWA","IU",-5,5,1,1,"BIG10","BIG10",NA,11
"ISU","ARIZ",25,5,1,1,"BIG12","BIG12",14,NA
"MSST","TENN",-7,5,1,1,"SEC","SEC",NA,15
"WAKE","GT",-1,5,1,1,"ACC","ACC",NA,16
"VAN","USU",20,5,1,1,"SEC","MTNWEST",18,NA
"MIZ","MASS",36,5,1,1,"SEC","ind",20,NA
"ILL","USC",2,5,1,1,"BIG10","BIG10",23,21
"ARK","ND",-43,5,1,1,"SEC","ind",NA,22
"COLO","BYU",-3,5,1,1,"BIG12","BIG12",NA,25
"MINN","RUTG",3,5,1,1,"BIG10","BIG10",NA,NA
"SYR","DUKE",-35,5,1,1,"ACC","ACC",NA,NA
"PITT","LOU",-7,5,1,1,"ACC","ACC",NA,NA
"KU","CIN",-3,5,1,1,"BIG12","BIG12",NA,NA
"KSU","UCF",14,5,1,1,"BIG12","BIG12",NA,NA
"UNT","USA",14,5,1,1,"AMERICAN","SUNBELT",NA,NA
"OHIO","BGSU",15,5,1,1,"MAC","MAC",NA,NA
"CMU","EMU",11,5,1,1,"MAC","MAC",NA,NA
"JMU","GASO",25,5,1,1,"SUNBELT","SUNBELT",NA,NA
"ULM","ARST",12,5,1,1,"SUNBELT","SUNBELT",NA,NA
"NU","UCLA",3,5,1,1,"BIG10","BIG10",NA,NA
"BC","CAL",-4,5,1,1,"ACC","ACC",NA,NA
"OKST","BAY",-18,5,1,1,"BIG12","BIG12",NA,NA
"WVU","UTAH",-34,5,1,1,"BIG12","BIG12",NA,NA
"BUFF","CONN",-3,5,1,1,"MAC","ind",NA,NA
"NIU","SDSU",-3,5,1,1,"MAC","MTNWEST",NA,NA
"NAVY","RICE",8,5,1,1,"AMERICAN","AMERICAN",NA,NA
"TOL","AKR",42,5,1,1,"MAC","MAC",NA,NA
"M-OH","LIN",38,5,1,0,"MAC",NA,NA,NA
"UNM","NMSU",18,5,1,1,"MTNWEST","cUSA",NA,NA
"AFA","HAW",-9,5,1,1,"MTNWEST","MTNWEST",NA,NA
"TLSA","TULN",-17,5,1,1,"AMERICAN","AMERICAN",NA,NA
"KENN","MTSU",8,5,1,1,"cUSA","cUSA",NA,NA
"ODU","LIB",14,5,1,1,"SUNBELT","cUSA",NA,NA
"WMU","URI",33,5,1,0,"MAC",NA,NA,NA
"NCSU","VT",-2,5,1,1,"ACC","ACC",NA,NA
"USM","JVST",17,5,1,1,"SUNBELT","cUSA",NA,NA
"MOST","WKU",-5,5,1,1,"cUSA","cUSA",NA,NA
"FAU","MEM",-29,5,1,1,"AMERICAN","AMERICAN",NA,NA
"CSU","WSU",-17,5,1,1,"MTNWEST","PAC12",NA,NA
"STAN","SJSU",1,5,1,1,"ACC","MTNWEST",NA,NA
"BOIS","APP",33,5,1,0,"MTNWEST",NA,NA,NA
"SC","UK",22,5,1,1,"SEC","SEC",NA,NA
"UL","MRSH",3,5,1,1,"SUNBELT","SUNBELT",NA,NA
"UTEP","LT",-19,5,1,1,"cUSA","cUSA",NA,NA
"NMSU","SHSU",27,6,1,1,"cUSA","cUSA",NA,NA
"BYU","WVU",14,6,1,1,"BIG12","BIG12",23,NA
"DEL","WKU",-3,6,1,1,"cUSA","cUSA",NA,NA
"USF","CLT",28,6,1,1,"AMERICAN","AMERICAN",NA,NA
"SJSU","UNM",7,6,1,1,"MTNWEST","MTNWEST",NA,NA
"SDSU","CSU",21,6,1,1,"MTNWEST","MTNWEST",NA,NA
"OSU","MINN",39,6,1,1,"BIG10","BIG10",1,NA
"FSU","MIA",-6,6,1,1,"ACC","ACC",18,3
"OU","KENT",44,6,1,1,"SEC","MAC",5,NA
"TA&M","MSST",22,6,1,1,"SEC","SEC",6,NA
"UCLA","PSU",5,6,1,1,"BIG10","BIG10",NA,7
"FLA","TEX",8,6,1,1,"SEC","SEC",NA,9
"ALA","VAN",16,6,1,1,"SEC","SEC",10,16
"HOU","TTU",-24,6,1,1,"BIG12","BIG12",NA,11
"UGA","UK",21,6,1,1,"SEC","SEC",12,NA
"CIN","ISU",8,6,1,1,"BIG12","BIG12",NA,14
"MICH","WIS",14,6,1,1,"BIG10","BIG10",20,NA
"ND","BOIS",21,6,1,1,"ind","MTNWEST",21,NA
"PUR","ILL",-16,6,1,1,"BIG10","BIG10",NA,22
"LOU","UVA",-3,6,1,1,"ACC","ACC",NA,24
"PITT","BC",41,6,1,1,"ACC","ACC",NA,NA
"UNC","CLEM",-28,6,1,1,"ACC","ACC",NA,NA
"BAY","KSU",1,6,1,1,"BIG12","BIG12",NA,NA
"NAVY","AFA",3,6,1,1,"AMERICAN","MTNWEST",NA,NA
"UAB","ARMY",-18,6,1,1,"AMERICAN","AMERICAN",NA,NA
"BALL","OHIO",6,6,1,1,"MAC","MAC",NA,NA
"VT","WAKE",-7,6,1,1,"ACC","ACC",NA,NA
"TEM","UTSA",6,6,1,1,"AMERICAN","AMERICAN",NA,NA
"NCSU","CAM",46,6,1,0,"ACC",NA,NA,NA
"MASS","WMU",-18,6,1,1,"ind","MAC",NA,NA
"ARIZ","OKST",28,6,1,1,"BIG12","BIG12",NA,NA
"MD","WASH",-4,6,1,1,"BIG10","BIG10",NA,NA
"NU","ULM",35,6,1,1,"BIG10","SUNBELT",NA,NA
"APP","ORST",4,6,1,0,NA,"PAC12",NA,NA
"SMU","SYR",13,6,1,1,"ACC","ACC",NA,NA
"CONN","FIU",41,6,1,1,"ind","cUSA",NA,NA
"GAST","JMU",-7,6,1,1,"SUNBELT","SUNBELT",NA,NA
"AKR","CMU",6,6,1,1,"MAC","MAC",NA,NA
"BUFF","EMU",1,6,1,1,"MAC","MAC",NA,NA
"NIU","M-OH",-11,6,1,1,"MAC","MAC",NA,NA
"NEB","MSU",11,6,1,1,"BIG10","BIG10",NA,NA
"ARST","TXST",1,6,1,1,"SUNBELT","SUNBELT",NA,NA
"ODU","CCU",40,6,1,1,"SUNBELT","SUNBELT",NA,NA
"WYO","UNLV",-14,6,1,1,"MTNWEST","MTNWEST",NA,NA
"TROY","USA",7,6,1,1,"SUNBELT","SUNBELT",NA,NA
"RICE","FAU",-6,6,1,1,"AMERICAN","AMERICAN",NA,NA
"TCU","COLO",14,6,1,1,"BIG12","BIG12",NA,NA
"UCF","KU",-7,6,1,1,"BIG12","BIG12",NA,NA
"MEM","TLSA",38,6,1,1,"AMERICAN","AMERICAN",NA,NA
"CAL","DUKE",-24,6,1,1,"ACC","ACC",NA,NA
"FRES","NEV",3,6,1,1,"MTNWEST","MTNWEST",NA,NA
"MTSU","MOST",-2,7,1,1,"cUSA","cUSA",NA,NA
"UTEP","LIB",-11,7,1,1,"cUSA","cUSA",NA,NA
"KENN","LT",28,7,1,1,"cUSA","cUSA",NA,NA
"TULN","ECU",7,7,1,1,"AMERICAN","AMERICAN",NA,NA
"SHSU","JVST",-2,7,1,1,"cUSA","cUSA",NA,NA
"GASO","USM",-3,7,1,1,"SUNBELT","SUNBELT",NA,NA
"UNT","USF",-27,7,1,1,"AMERICAN","AMERICAN",NA,24
"WASH","RUTG",19,7,1,1,"BIG10","BIG10",NA,NA
"CSU","FRES",28,7,1,1,"MTNWEST","MTNWEST",NA,NA
"ILL","OSU",-18,7,1,1,"BIG10","BIG10",17,1
"ORE","IU",-10,7,1,1,"BIG10","BIG10",3,7
"MISS","WSU",3,7,1,1,"SEC","PAC12",4,NA
"TA&M","FLA",17,7,1,1,"SEC","SEC",5,NA
"TEX","OU",17,7,1,1,"SEC","SEC",NA,6
"MIZ","ALA",-3,7,1,1,"SEC","SEC",14,8
"TTU","KU",25,7,1,1,"BIG12","BIG12",9,NA
"AUB","UGA",-10,7,1,1,"SEC","SEC",NA,10
"LSU","SC",10,7,1,1,"SEC","SEC",11,NA
"TENN","ARK",3,7,1,1,"SEC","SEC",12,NA
"GT","VT",15,7,1,1,"ACC","ACC",13,NA
"USC","MICH",18,7,1,1,"BIG10","BIG10",NA,15
"ND","NCSU",29,7,1,1,"ind","ACC",16,NA
"ARIZ","BYU",-6,7,1,1,"BIG12","BIG12",NA,18
"UTAH","ASU",32,7,1,1,"BIG12","BIG12",NA,21
"COLO","ISU",7,7,1,1,"BIG12","BIG12",NA,22
"FSU","PITT",-3,7,1,1,"ACC","ACC",25,NA
"MSU","UCLA",-25,7,1,1,"BIG10","BIG10",NA,NA
"SMU","STAN",24,7,1,1,"ACC","ACC",NA,NA
"CIN","UCF",9,7,1,1,"BIG12","BIG12",NA,NA
"OKST","HOU",-22,7,1,1,"BIG12","BIG12",NA,NA
"JMU","UL",10,7,1,1,"SUNBELT","SUNBELT",NA,NA
"ARMY","CLT",17,7,1,1,"AMERICAN","AMERICAN",NA,NA
"AKR","M-OH",-13,7,1,1,"MAC","MAC",NA,NA
"BGSU","TOL",5,7,1,1,"MAC","MAC",NA,NA
"EMU","NIU",6,7,1,1,"MAC","MAC",NA,NA
"KENT","MASS",36,7,1,1,"MAC","ind",NA,NA
"PSU","NU",-1,7,1,1,"BIG10","BIG10",NA,NA
"MD","NEB",-3,7,1,1,"BIG10","BIG10",NA,NA
"ORST","WAKE",-25,7,1,1,"PAC12","ACC",NA,NA
"KSU","TCU",13,7,1,1,"BIG12","BIG12",NA,NA
"UNLV","AFA",3,7,1,1,"MTNWEST","MTNWEST",NA,NA
"GAST","APP",-21,7,1,0,"SUNBELT",NA,NA,NA
"MRSH","ODU",24,7,1,1,"SUNBELT","SUNBELT",NA,NA
"WMU","BALL",42,7,1,1,"MAC","MAC",NA,NA
"TEM","NAVY",-1,7,1,1,"AMERICAN","AMERICAN",NA,NA
"FAU","UAB",20,7,1,1,"AMERICAN","AMERICAN",NA,NA
"WIS","IOWA",-37,7,1,1,"BIG10","BIG10",NA,NA
"WYO","SJSU",7,7,1,1,"MTNWEST","MTNWEST",NA,NA
"CCU","ULM",15,7,1,1,"SUNBELT","SUNBELT",NA,NA
"MINN","PUR",7,7,1,1,"BIG10","BIG10",NA,NA
"BC","CLEM",-31,7,1,1,"ACC","ACC",NA,NA
"UTSA","RICE",48,7,1,1,"AMERICAN","AMERICAN",NA,NA
"TXST","TROY",-7,7,1,1,"SUNBELT","SUNBELT",NA,NA
"BOIS","UNM",16,7,1,1,"MTNWEST","MTNWEST",NA,NA
"NEV","SDSU",-34,7,1,1,"MTNWEST","MTNWEST",NA,NA
"HAW","USU",18,7,1,1,"MTNWEST","MTNWEST",NA,NA
"LIB","NMSU",3,8,1,1,"cUSA","cUSA",NA,NA
"USA","ARST",-1,8,1,1,"SUNBELT","SUNBELT",NA,NA
"WKU","FIU",-19,8,1,1,"cUSA","cUSA",NA,NA
"JVST","DEL",13,8,1,1,"cUSA","cUSA",NA,NA
"SHSU","UTEP",-18,8,1,1,"cUSA","cUSA",NA,NA
"ECU","TLSA",14,8,1,1,"AMERICAN","AMERICAN",NA,NA
"MIA","LOU",-3,8,1,1,"ACC","ACC",2,NA
"MINN","NEB",18,8,1,1,"BIG10","BIG10",NA,25
"USU","SJSU",5,8,1,1,"MTNWEST","MTNWEST",NA,NA
"CAL","UNC",3,8,1,1,"ACC","ACC",NA,NA
"WIS","OSU",-34,8,1,1,"BIG10","BIG10",NA,1
"IU","MSU",25,8,1,1,"BIG10","BIG10",3,NA
"ARK","TA&M",-3,8,1,1,"SEC","SEC",NA,4
"UGA","MISS",8,8,1,1,"SEC","SEC",9,5
"ALA","TENN",17,8,1,1,"SEC","SEC",6,11
"ASU","TTU",4,8,1,1,"BIG12","BIG12",NA,7
"RUTG","ORE",-46,8,1,1,"BIG10","BIG10",NA,8
"VAN","LSU",7,8,1,1,"SEC","SEC",17,10
"DUKE","GT",-9,8,1,1,"ACC","ACC",NA,12
"ND","USC",10,8,1,1,"ind","BIG10",13,20
"SC","OU",-19,8,1,1,"SEC","SEC",NA,14
"BYU","UTAH",3,8,1,1,"BIG12","BIG12",15,23
"AUB","MIZ",-6,8,1,1,"SEC","SEC",NA,16
"UVA","WSU",2,8,1,1,"ACC","PAC12",18,NA
"USF","FAU",35,8,1,1,"AMERICAN","AMERICAN",19,NA
"UK","TEX",-3,8,1,1,"SEC","SEC",NA,21
"UAB","MEM",7,8,1,1,"AMERICAN","AMERICAN",NA,22
"OKST","CIN",-32,8,1,1,"BIG12","BIG12",NA,24
"MICH","WASH",17,8,1,1,"BIG10","BIG10",NA,NA
"BC","CONN",-15,8,1,1,"ACC","ind",NA,NA
"HOU","ARIZ",3,8,1,1,"BIG12","BIG12",NA,NA
"TCU","BAY",6,8,1,1,"BIG12","BIG12",NA,NA
"TULN","ARMY",7,8,1,1,"AMERICAN","AMERICAN",NA,NA
"BGSU","CMU",-21,8,1,1,"MAC","MAC",NA,NA
"M-OH","EMU",14,8,1,1,"MAC","MAC",NA,NA
"UCF","WVU",32,8,1,1,"BIG12","BIG12",NA,NA
"TOL","KENT",35,8,1,1,"MAC","MAC",NA,NA
"MASS","BUFF",-7,8,1,1,"ind","MAC",NA,NA
"NU","PUR",19,8,1,1,"BIG10","BIG10",NA,NA
"ULM","TROY",-23,8,1,1,"SUNBELT","SUNBELT",NA,NA
"CLEM","SMU",-11,8,1,1,"ACC","ACC",NA,NA
"AFA","WYO",3,8,1,1,"MTNWEST","MTNWEST",NA,NA
"BOIS","UNLV",25,8,1,1,"MTNWEST","MTNWEST",NA,NA
"APP","CCU",-8,8,1,0,NA,"SUNBELT",NA,NA
"JMU","ODU",36,8,1,1,"SUNBELT","SUNBELT",NA,NA
"MRSH","TXST",3,8,1,1,"SUNBELT","SUNBELT",NA,NA
"CLT","TEM",-35,8,1,1,"AMERICAN","AMERICAN",NA,NA
"BALL","AKR",14,8,1,1,"MAC","MAC",NA,NA
"OHIO","NIU",27,8,1,1,"MAC","MAC",NA,NA
"UNT","UTSA",38,8,1,1,"AMERICAN","AMERICAN",NA,NA
"FLA","MSST",2,8,1,1,"SEC","SEC",NA,NA
"UL","USM",-12,8,1,1,"SUNBELT","SUNBELT",NA,NA
"IOWA","PSU",1,8,1,1,"BIG10","BIG10",NA,NA
"UCLA","MD",3,8,1,1,"BIG10","BIG10",NA,NA
"CSU","HAW",-12,8,1,1,"MTNWEST","MTNWEST",NA,NA
"GASO","GAST",17,8,1,1,"SUNBELT","SUNBELT",NA,NA
"SYR","PITT",-17,8,1,1,"ACC","ACC",NA,NA
"UNM","NEV",2,8,1,1,"MTNWEST","MTNWEST",NA,NA
"ORST","LAF",32,8,1,0,"PAC12",NA,NA,NA
"STAN","FSU",7,8,1,1,"ACC","ACC",NA,NA
"FIU","KENN",-19,9,1,1,"cUSA","cUSA",NA,NA
"LT","WKU",-1,9,1,1,"cUSA","cUSA",NA,NA
"DEL","MTSU",3,9,1,1,"cUSA","cUSA",NA,NA
"NMSU","MOST",-7,9,1,1,"cUSA","cUSA",NA,NA
"GAST","USA",-7,9,1,1,"SUNBELT","SUNBELT",NA,NA
"CLT","UNT",-34,9,1,1,"AMERICAN","AMERICAN",NA,NA
"VT","CAL",8,9,1,1,"ACC","ACC",NA,NA
"NEV","BOIS",-21,9,1,1,"MTNWEST","MTNWEST",NA,NA
"IU","UCLA",50,9,1,1,"BIG10","BIG10",2,NA
"LSU","TA&M",-24,9,1,1,"SEC","SEC",20,3
"SC","ALA",-7,9,1,1,"SEC","SEC",NA,4
"ORE","WIS",14,9,1,1,"BIG10","BIG10",6,NA
"GT","SYR",25,9,1,1,"ACC","ACC",7,NA
"OU","MISS",-8,9,1,1,"SEC","SEC",13,8
"MIA","STAN",35,9,1,1,"ACC","ACC",9,NA
"VAN","MIZ",7,9,1,1,"SEC","SEC",10,15
"ISU","BYU",-14,9,1,1,"BIG12","BIG12",NA,11
"TTU","OKST",42,9,1,1,"BIG12","BIG12",14,NA
"UNC","UVA",-1,9,1,1,"ACC","ACC",NA,16
"UK","TENN",-22,9,1,1,"SEC","SEC",NA,17
"MEM","USF",3,9,1,1,"AMERICAN","AMERICAN",NA,18
"LOU","BC",14,9,1,1,"ACC","ACC",19,NA
"CIN","BAY",21,9,1,1,"BIG12","BIG12",21,NA
"MSST","TEX",-7,9,1,1,"SEC","SEC",NA,22
"WASH","ILL",17,9,1,1,"BIG10","BIG10",NA,23
"ASU","HOU",-8,9,1,1,"BIG12","BIG12",24,NA
"MSU","MICH",-11,9,1,1,"BIG10","BIG10",NA,25
"NEB","NU",7,9,1,1,"BIG10","BIG10",NA,NA
"PUR","RUTG",-3,9,1,1,"BIG10","BIG10",NA,NA
"WAKE","SMU",1,9,1,1,"ACC","ACC",NA,NA
"KU","KSU",-25,9,1,1,"BIG12","BIG12",NA,NA
"ODU","APP",3,9,1,0,"SUNBELT",NA,NA,NA
"KENT","BGSU",3,9,1,1,"MAC","MAC",NA,NA
"EMU","OHIO",-7,9,1,1,"MAC","MAC",NA,NA
"ARK","AUB",-9,9,1,1,"SEC","SEC",NA,NA
"BUFF","AKR",-8,9,1,1,"MAC","MAC",NA,NA
"RICE","CONN",3,9,1,1,"AMERICAN","ind",NA,NA
"UNM","USU",19,9,1,1,"MTNWEST","MTNWEST",NA,NA
"IOWA","MINN",38,9,1,1,"BIG10","BIG10",NA,NA
"WSU","TOL",21,9,1,1,"PAC12","MAC",NA,NA
"PITT","NCSU",19,9,1,1,"ACC","ACC",NA,NA
"FRES","SDSU",-23,9,1,1,"MTNWEST","MTNWEST",NA,NA
"USM","ULM",28,9,1,1,"SUNBELT","SUNBELT",NA,NA
"NAVY","FAU",10,9,1,1,"AMERICAN","AMERICAN",NA,NA
"TLSA","TEM",-1,9,1,1,"AMERICAN","AMERICAN",NA,NA
"NIU","BALL",14,9,1,1,"MAC","MAC",NA,NA
"CMU","MASS",25,9,1,1,"MAC","ind",NA,NA
"M-OH","WMU",9,9,1,1,"MAC","MAC",NA,NA
"WVU","TCU",-6,9,1,1,"BIG12","BIG12",NA,NA
"ARST","GASO",10,9,1,1,"SUNBELT","SUNBELT",NA,NA
"TROY","UL",12,9,1,1,"SUNBELT","SUNBELT",NA,NA
"WYO","CSU",28,9,1,1,"MTNWEST","MTNWEST",NA,NA
"UTAH","COLO",46,9,1,1,"BIG12","BIG12",NA,NA
"KENN","UTEP",13,10,1,1,"cUSA","cUSA",NA,NA
"TXST","JMU",-32,10,1,1,"SUNBELT","SUNBELT",NA,NA
"MTSU","JVST",-3,10,1,1,"cUSA","cUSA",NA,NA
"MOST","FIU",7,10,1,1,"cUSA","cUSA",NA,NA
"CCU","MRSH",17,10,1,1,"SUNBELT","SUNBELT",NA,NA
"UTSA","TULN",22,10,1,1,"AMERICAN","AMERICAN",NA,NA
"RICE","MEM",-24,10,1,1,"AMERICAN","AMERICAN",NA,25
"SYR","UNC",-17,10,1,1,"ACC","ACC",NA,NA
"LT","SHSU",41,10,1,1,"cUSA","cUSA",NA,NA
"OSU","PSU",24,10,1,1,"BIG10","BIG10",1,NA
"MD","IU",-45,10,1,1,"BIG10","BIG10",NA,2
"FLA","UGA",-4,10,1,1,"SEC","SEC",NA,5
"MISS","SC",16,10,1,1,"SEC","SEC",7,NA
"NCSU","GT",12,10,1,1,"ACC","ACC",NA,8
"TEX","VAN",3,10,1,1,"SEC","SEC",20,9
"SMU","MIA",6,10,1,1,"ACC","ACC",NA,11
"BC","ND",-15,10,1,1,"ACC","ind",NA,12
"KSU","TTU",-23,10,1,1,"BIG12","BIG12",NA,13
"TENN","OU",-6,10,1,1,"SEC","SEC",14,18
"CAL","UVA",-10,10,1,1,"ACC","ACC",NA,15
"VT","LOU",-12,10,1,1,"ACC","ACC",NA,16
"UTAH","CIN",31,10,1,1,"BIG12","BIG12",24,17
"MICH","PUR",5,10,1,1,"BIG10","BIG10",21,NA
"HOU","WVU",-10,10,1,1,"BIG12","BIG12",22,NA
"NEB","USC",-4,10,1,1,"BIG10","BIG10",NA,23
"ILL","RUTG",22,10,1,1,"BIG10","BIG10",NA,NA
"CLEM","DUKE",-1,10,1,1,"ACC","ACC",NA,NA
"BAY","UCF",27,10,1,1,"BIG12","BIG12",NA,NA
"CONN","UAB",19,10,1,1,"ind","AMERICAN",NA,NA
"AFA","ARMY",-3,10,1,1,"MTNWEST","AMERICAN",NA,NA
"UNT","NAVY",14,10,1,1,"AMERICAN","AMERICAN",NA,NA
"BGSU","BUFF",-25,10,1,1,"MAC","MAC",NA,NA
"ISU","ASU",-5,10,1,1,"BIG12","BIG12",NA,NA
"TEM","ECU",-31,10,1,1,"AMERICAN","AMERICAN",NA,NA
"UNLV","UNM",-5,10,1,1,"MTNWEST","MTNWEST",NA,NA
"MINN","MSU",3,10,1,1,"BIG10","BIG10",NA,NA
"STAN","PITT",-15,10,1,1,"ACC","ACC",NA,NA
"LIB","DEL",29,10,1,1,"cUSA","cUSA",NA,NA
"WKU","NMSU",19,10,1,1,"cUSA","cUSA",NA,NA
"BOIS","FRES",-23,10,1,1,"MTNWEST","MTNWEST",NA,NA
"ULM","ODU",-25,10,1,1,"SUNBELT","SUNBELT",NA,NA
"USA","UL",-9,10,1,1,"SUNBELT","SUNBELT",NA,NA
"ARK","MSST",-3,10,1,1,"SEC","SEC",NA,NA
"KU","OKST",17,10,1,1,"BIG12","BIG12",NA,NA
"WMU","CMU",3,10,1,1,"MAC","MAC",NA,NA
"COLO","ARIZ",-35,10,1,1,"BIG12","BIG12",NA,NA
"SDSU","WYO",17,10,1,1,"MTNWEST","MTNWEST",NA,NA
"AUB","UK",-7,10,1,1,"SEC","SEC",NA,NA
"ORST","WSU",3,10,1,1,"PAC12","PAC12",NA,NA
"FSU","WAKE",35,10,1,1,"ACC","ACC",NA,NA
"TROY","ARST",-13,10,1,1,"SUNBELT","SUNBELT",NA,NA
"SJSU","HAW",7,10,1,1,"MTNWEST","MTNWEST",NA,NA
"AKR","MASS",34,11,1,1,"MAC","ind",NA,NA
"OHIO","M-OH",4,11,1,1,"MAC","MAC",NA,NA
"BALL","KENT",4,11,1,1,"MAC","MAC",NA,NA
"TOL","NIU",39,11,1,1,"MAC","MAC",NA,NA
"APP","GASO",-2,11,1,0,NA,"SUNBELT",NA,NA
"USF","UTSA",32,11,1,1,"AMERICAN","AMERICAN",NA,NA
"USC","NU",21,11,1,1,"BIG10","BIG10",19,NA
"UCF","HOU",-3,11,1,1,"BIG12","BIG12",NA,NA
"MEM","TULN",-6,11,1,1,"AMERICAN","AMERICAN",NA,NA
"PUR","OSU",-24,11,1,1,"BIG10","BIG10",NA,1
"PSU","IU",-3,11,1,1,"BIG10","BIG10",NA,2
"MIZ","TA&M",-21,11,1,1,"SEC","SEC",22,3
"ALA","LSU",11,11,1,1,"SEC","SEC",4,NA
"MSST","UGA",-20,11,1,1,"SEC","SEC",NA,5
"MISS","CIT",49,11,1,0,"SEC",NA,6,NA
"TTU","BYU",22,11,1,1,"BIG12","BIG12",8,7
"IOWA","ORE",-2,11,1,1,"BIG10","BIG10",20,9
"ND","NAVY",39,11,1,1,"ind","AMERICAN",10,NA
"UVA","WAKE",-7,11,1,1,"ACC","ACC",14,NA
"LOU","CAL",-3,11,1,1,"ACC","ACC",15,NA
"VAN","AUB",7,11,1,1,"SEC","SEC",16,NA
"MIA","SYR",28,11,1,1,"ACC","ACC",18,NA
"WIS","WASH",3,11,1,1,"BIG10","BIG10",NA,23
"BC","SMU",-32,11,1,1,"ACC","ACC",NA,NA
"WVU","COLO",7,11,1,1,"BIG12","BIG12",NA,NA
"MRSH","JMU",-12,11,1,1,"SUNBELT","SUNBELT",NA,NA
"ARST","USM",-6,11,1,1,"SUNBELT","SUNBELT",NA,NA
"ARMY","TEM",1,11,1,1,"AMERICAN","AMERICAN",NA,NA
"LIB","MOST",-4,11,1,1,"cUSA","cUSA",NA,NA
"EMU","BGSU",6,11,1,1,"MAC","MAC",NA,NA
"RICE","UAB",7,11,1,1,"AMERICAN","AMERICAN",NA,NA
"RUTG","MD",15,11,1,1,"BIG10","BIG10",NA,NA
"DEL","LT",1,11,1,1,"cUSA","cUSA",NA,NA
"MTSU","FIU",-26,11,1,1,"cUSA","cUSA",NA,NA
"UTEP","JVST",-3,11,1,1,"cUSA","cUSA",NA,NA
"ECU","CLT",26,11,1,1,"AMERICAN","AMERICAN",NA,NA
"FAU","TLSA",19,11,1,1,"AMERICAN","AMERICAN",NA,NA
"CONN","DUKE",3,11,1,1,"ind","ACC",NA,NA
"ARIZ","KU",4,11,1,1,"BIG12","BIG12",NA,NA
"TCU","ISU",-3,11,1,1,"BIG12","BIG12",NA,NA
"NMSU","KENN",-3,11,1,1,"cUSA","cUSA",NA,NA
"CCU","GAST",13,11,1,1,"SUNBELT","SUNBELT",NA,NA
"UNC","STAN",5,11,1,1,"ACC","ACC",NA,NA
"UL","TXST",3,11,1,1,"SUNBELT","SUNBELT",NA,NA
"SJSU","AFA",-10,11,1,1,"MTNWEST","MTNWEST",NA,NA
"CLEM","FSU",14,11,1,1,"ACC","ACC",NA,NA
"UK","FLA",31,11,1,1,"SEC","SEC",NA,NA
"USU","NEV",37,11,1,1,"MTNWEST","MTNWEST",NA,NA
"UCLA","NEB",-7,11,1,1,"BIG10","BIG10",NA,NA
"CSU","UNLV",-32,11,1,1,"MTNWEST","MTNWEST",NA,NA
"ORST","SHSU",-4,11,1,1,"PAC12","cUSA",NA,NA
"HAW","SDSU",32,11,1,1,"MTNWEST","MTNWEST",NA,NA
"AKR","KENT",-7,12,1,1,"MAC","MAC",NA,NA
"WMU","OHIO",4,12,1,1,"MAC","MAC",NA,NA
"CMU","BUFF",19,12,1,1,"MAC","MAC",NA,NA
"MASS","NIU",-42,12,1,1,"ind","MAC",NA,NA
"M-OH","TOL",-21,12,1,1,"MAC","MAC",NA,NA
"ODU","TROY",33,12,1,1,"SUNBELT","SUNBELT",NA,NA
"ORE","MINN",29,12,1,1,"BIG10","BIG10",8,NA
"LOU","CLEM",-1,12,1,1,"ACC","ACC",20,NA
"OSU","UCLA",38,12,1,1,"BIG10","BIG10",1,NA
"IU","WIS",24,12,1,1,"BIG10","BIG10",2,NA
"TA&M","SC",1,12,1,1,"SEC","SEC",3,NA
"ALA","OU",-2,12,1,1,"SEC","SEC",4,11
"UGA","TEX",25,12,1,1,"SEC","SEC",5,10
"TTU","UCF",39,12,1,1,"BIG12","BIG12",6,NA
"MISS","FLA",10,12,1,1,"SEC","SEC",7,NA
"PITT","ND",-22,12,1,1,"ACC","ind",22,9
"BYU","TCU",31,12,1,1,"BIG12","BIG12",12,NA
"BAY","UTAH",-27,12,1,1,"BIG12","BIG12",NA,13
"MIA","NCSU",34,12,1,1,"ACC","ACC",15,NA
"BC","GT",-2,12,1,1,"ACC","ACC",NA,16
"USC","IOWA",5,12,1,1,"BIG10","BIG10",17,21
"NU","MICH",-2,12,1,1,"BIG10","BIG10",NA,18
"DUKE","UVA",-17,12,1,1,"ACC","ACC",NA,19
"TENN","NMSU",33,12,1,1,"SEC","cUSA",23,NA
"NAVY","USF",3,12,1,1,"AMERICAN","AMERICAN",NA,24
"CIN","ARIZ",-6,12,1,1,"BIG12","BIG12",25,NA
"OKST","KSU",-8,12,1,1,"BIG12","BIG12",NA,NA
"CONN","AFA",10,12,1,1,"ind","MTNWEST",NA,NA
"CLT","UTSA",-21,12,1,1,"AMERICAN","AMERICAN",NA,NA
"BALL","EMU",-15,12,1,1,"MAC","MAC",NA,NA
"LSU","ARK",1,12,1,1,"SEC","SEC",NA,NA
"TLSA","ORST",17,12,1,1,"AMERICAN","PAC12",NA,NA
"ASU","WVU",2,12,1,1,"BIG12","BIG12",NA,NA
"UK","TNTC",32,12,1,0,"SEC",NA,NA,NA
"GAST","MRSH",-12,12,1,1,"SUNBELT","SUNBELT",NA,NA
"UAB","UNT",-29,12,1,1,"AMERICAN","AMERICAN",NA,NA
"MOST","UTEP",14,12,1,1,"cUSA","cUSA",NA,NA
"UNM","CSU",3,12,1,1,"MTNWEST","MTNWEST",NA,NA
"MSU","PSU",-18,12,1,1,"BIG10","BIG10",NA,NA
"ILL","MD",18,12,1,1,"BIG10","BIG10",NA,NA
"WKU","MTSU",16,12,1,1,"cUSA","cUSA",NA,NA
"NEV","SJSU",45,12,1,1,"MTNWEST","MTNWEST",NA,NA
"JMU","APP",48,12,1,0,"SUNBELT",NA,NA,NA
"ULM","USA",-12,12,1,1,"SUNBELT","SUNBELT",NA,NA
"USM","TXST",-27,12,1,1,"SUNBELT","SUNBELT",NA,NA
"ECU","MEM",4,12,1,1,"AMERICAN","AMERICAN",NA,NA
"TULN","FAU",11,12,1,1,"AMERICAN","AMERICAN",NA,NA
"WAKE","UNC",16,12,1,1,"ACC","ACC",NA,NA
"FIU","LIB",7,12,1,1,"cUSA","cUSA",NA,NA
"GASO","CCU",5,12,1,1,"SUNBELT","SUNBELT",NA,NA
"WASH","PUR",36,12,1,1,"BIG10","BIG10",NA,NA
"SHSU","DEL",3,12,1,1,"cUSA","cUSA",NA,NA
"UNLV","USU",3,12,1,1,"MTNWEST","MTNWEST",NA,NA
"FSU","VT",20,12,1,1,"ACC","ACC",NA,NA
"MIZ","MSST",22,12,1,1,"SEC","SEC",NA,NA
"JVST","KENN",9,12,1,1,"cUSA","cUSA",NA,NA
"WSU","LT",25,12,1,1,"PAC12","cUSA",NA,NA
"SDSU","BOIS",10,12,1,1,"MTNWEST","MTNWEST",NA,NA
"FRES","WYO",21,12,1,1,"MTNWEST","MTNWEST",NA,NA
"BGSU","AKR",-3,13,1,1,"MAC","MAC",NA,NA
"NIU","WMU",-16,13,1,1,"MAC","MAC",NA,NA
"OHIO","MASS",28,13,1,1,"MAC","ind",NA,NA
"BUFF","M-OH",-17,13,1,1,"MAC","MAC",NA,NA
"KENT","CMU",-12,13,1,1,"MAC","MAC",NA,NA
"ARST","UL",-4,13,1,1,"SUNBELT","SUNBELT",NA,NA
"NCSU","FSU",10,13,1,1,"ACC","ACC",NA,NA
"UNLV","HAW",28,13,1,1,"MTNWEST","MTNWEST",NA,NA
"OSU","RUTG",33,13,1,1,"BIG10","BIG10",1,NA
"TA&M","SAM",48,13,1,0,"SEC",NA,3,NA
"UGA","CLT",32,13,1,1,"SEC","AMERICAN",4,NA
"ORE","USC",15,13,1,1,"BIG10","BIG10",7,15
"OU","MIZ",11,13,1,1,"SEC","SEC",8,22
"ND","SYR",63,13,1,1,"ind","ACC",9,NA
"ALA","EIU",56,13,1,0,"SEC",NA,10,NA
"CIN","BYU",-12,13,1,1,"BIG12","BIG12",NA,11
"UTAH","KSU",4,13,1,1,"BIG12","BIG12",12,NA
"VT","MIA",-17,13,1,1,"ACC","ACC",NA,13
"VAN","UK",28,13,1,1,"SEC","SEC",14,NA
"GT","PITT",-14,13,1,1,"ACC","ACC",16,NA
"TEX","ARK",15,13,1,1,"SEC","SEC",17,NA
"MD","MICH",-25,13,1,1,"BIG10","BIG10",NA,18
"FLA","TENN",-20,13,1,1,"SEC","SEC",NA,20
"WIS","ILL",17,13,1,1,"BIG10","BIG10",NA,21
"HOU","TCU",-3,13,1,1,"BIG12","BIG12",23,NA
"TEM","TULN",-24,13,1,1,"AMERICAN","AMERICAN",NA,24
"COLO","ASU",-25,13,1,1,"BIG12","BIG12",NA,25
"NU","MINN",3,13,1,1,"BIG10","BIG10",NA,NA
"SMU","LOU",32,13,1,1,"ACC","ACC",NA,NA
"WAKE","DEL",38,13,1,1,"ACC","cUSA",NA,NA
"ISU","KU",24,13,1,1,"BIG12","BIG12",NA,NA
"ARMY","TLSA",-1,13,1,1,"AMERICAN","AMERICAN",NA,NA
"JMU","WSU",4,13,1,1,"SUNBELT","PAC12",NA,NA
"ARIZ","BAY",24,13,1,1,"BIG12","BIG12",NA,NA
"GASO","ODU",-35,13,1,1,"SUNBELT","SUNBELT",NA,NA
"AUB","MER",45,13,1,0,"SEC",NA,NA,NA
"KENN","MOST",7,13,1,1,"cUSA","cUSA",NA,NA
"WYO","NEV",-6,13,1,1,"MTNWEST","MTNWEST",NA,NA
"TOL","BALL",29,13,1,1,"MAC","MAC",NA,NA
"APP","MRSH",2,13,1,0,NA,"SUNBELT",NA,NA
"FAU","CONN",-3,13,1,1,"AMERICAN","ind",NA,NA
"LT","LIB",6,13,1,1,"cUSA","cUSA",NA,NA
"MTSU","SHSU",14,13,1,1,"cUSA","cUSA",NA,NA
"UTEP","NMSU",-3,13,1,1,"cUSA","cUSA",NA,NA
"UAB","USF",-30,13,1,1,"AMERICAN","AMERICAN",NA,NA
"IOWA","MSU",3,13,1,1,"BIG10","BIG10",NA,NA
"UNC","DUKE",-7,13,1,1,"ACC","ACC",NA,NA
"FIU","JVST",6,13,1,1,"cUSA","cUSA",NA,NA
"USA","USM",7,13,1,1,"SUNBELT","SUNBELT",NA,NA
"UTSA","ECU",34,13,1,1,"AMERICAN","AMERICAN",NA,NA
"UCF","OKST",3,13,1,1,"BIG12","BIG12",NA,NA
"TROY","GAST",12,13,1,1,"SUNBELT","SUNBELT",NA,NA
"SC","CCU",44,13,1,1,"SEC","SUNBELT",NA,NA
"CLEM","FUR",35,13,1,0,"ACC",NA,NA,NA
"TXST","ULM",17,13,1,1,"SUNBELT","SUNBELT",NA,NA
"PSU","NEB",27,13,1,1,"BIG10","BIG10",NA,NA
"AFA","UNM",-17,13,1,1,"MTNWEST","MTNWEST",NA,NA
"BOIS","CSU",28,13,1,1,"MTNWEST","MTNWEST",NA,NA
"STAN","CAL",21,13,1,1,"ACC","ACC",NA,NA
"RICE","UNT",-32,13,1,1,"AMERICAN","AMERICAN",NA,NA
"LSU","WKU",3,13,1,1,"SEC","cUSA",NA,NA
"UCLA","WASH",-34,13,1,1,"BIG10","BIG10",NA,NA
"FRES","USU",-11,13,1,1,"MTNWEST","MTNWEST",NA,NA
"SDSU","SJSU",22,13,1,1,"MTNWEST","MTNWEST",NA,NA
"MASS","BGSU",-31,14,1,1,"ind","MAC",NA,NA
"EMU","WMU",-10,14,1,1,"MAC","MAC",NA,NA
"MEM","NAVY",-11,14,1,1,"AMERICAN","AMERICAN",NA,NA
"PUR","IU",-53,14,1,1,"BIG10","BIG10",NA,2
"TEX","TA&M",10,14,1,1,"SEC","SEC",16,3
"GT","UGA",-7,14,1,1,"ACC","SEC",23,4
"MSST","MISS",-19,14,1,1,"SEC","SEC",NA,7
"KU","UTAH",-10,14,1,1,"BIG12","BIG12",NA,13
"ASU","ARIZ",-16,14,1,1,"BIG12","BIG12",20,25
"NEB","IOWA",-24,14,1,1,"BIG10","BIG10",NA,NA
"BUFF","OHIO",-5,14,1,1,"MAC","MAC",NA,NA
"NIU","KENT",-4,14,1,1,"MAC","MAC",NA,NA
"CSU","AFA",-21,14,1,1,"MTNWEST","MTNWEST",NA,NA
"UNM","SDSU",6,14,1,1,"MTNWEST","MTNWEST",NA,NA
"UNT","TEM",27,14,1,1,"AMERICAN","AMERICAN",NA,NA
"USU","BOIS",-1,14,1,1,"MTNWEST","MTNWEST",NA,NA
"MICH","OSU",-18,14,1,1,"BIG10","BIG10",15,1
"WVU","TTU",-49,14,1,1,"BIG12","BIG12",NA,5
"WASH","ORE",-12,14,1,1,"BIG10","BIG10",NA,6
"OU","LSU",4,14,1,1,"SEC","SEC",8,NA
"STAN","ND",-29,14,1,1,"ACC","ind",NA,9
"AUB","ALA",-7,14,1,1,"SEC","SEC",NA,10
"BYU","UCF",20,14,1,1,"BIG12","BIG12",11,NA
"PITT","MIA",-31,14,1,1,"ACC","ACC",22,12
"TENN","VAN",-21,14,1,1,"SEC","SEC",19,14
"USC","UCLA",19,14,1,1,"BIG10","BIG10",17,NA
"UVA","VT",20,14,1,1,"ACC","ACC",18,NA
"CAL","SMU",3,14,1,1,"ACC","ACC",NA,21
"TULN","CLT",27,14,1,1,"AMERICAN","AMERICAN",24,NA
"LOU","UK",41,14,1,1,"ACC","SEC",NA,NA
"SC","CLEM",-14,14,1,1,"SEC","ACC",NA,NA
"BAY","HOU",-7,14,1,1,"BIG12","BIG12",NA,NA
"KSU","COLO",10,14,1,1,"BIG12","BIG12",NA,NA
"OKST","ISU",-7,14,1,1,"BIG12","BIG12",NA,NA
"FAU","ECU",-39,14,1,1,"AMERICAN","AMERICAN",NA,NA
"CMU","TOL",-18,14,1,1,"MAC","MAC",NA,NA
"M-OH","BALL",21,14,1,1,"MAC","MAC",NA,NA
"DEL","UTEP",30,14,1,1,"cUSA","cUSA",NA,NA
"SHSU","FIU",-40,14,1,1,"cUSA","cUSA",NA,NA
"MRSH","GASO",-5,14,1,1,"SUNBELT","SUNBELT",NA,NA
"JVST","WKU",3,14,1,1,"cUSA","cUSA",NA,NA
"MOST","LT",-12,14,1,1,"cUSA","cUSA",NA,NA
"ODU","GAST",17,14,1,1,"SUNBELT","SUNBELT",NA,NA
"APP","ARST",-1,14,1,0,NA,"SUNBELT",NA,NA
"SYR","BC",-22,14,1,1,"ACC","ACC",NA,NA
"NMSU","MTSU",-7,14,1,1,"cUSA","cUSA",NA,NA
"UL","ULM",3,14,1,1,"SUNBELT","SUNBELT",NA,NA
"TXST","USA",23,14,1,1,"SUNBELT","SUNBELT",NA,NA
"TLSA","UAB",-7,14,1,1,"AMERICAN","AMERICAN",NA,NA
"ARK","MIZ",-14,14,1,1,"SEC","SEC",NA,NA
"MINN","WIS",10,14,1,1,"BIG10","BIG10",NA,NA
"RUTG","PSU",-4,14,1,1,"BIG10","BIG10",NA,NA
"DUKE","WAKE",17,14,1,1,"ACC","ACC",NA,NA
"TCU","CIN",22,14,1,1,"BIG12","BIG12",NA,NA
"LIB","KENN",-6,14,1,1,"cUSA","cUSA",NA,NA
"USM","TROY",-10,14,1,1,"SUNBELT","SUNBELT",NA,NA
"UTSA","ARMY",-3,14,1,1,"AMERICAN","AMERICAN",NA,NA
"CCU","JMU",-49,14,1,1,"SUNBELT","SUNBELT",NA,NA
"FLA","FSU",19,14,1,1,"SEC","ACC",NA,NA
"WSU","ORST",24,14,1,1,"PAC12","PAC12",NA,NA
"MSU","MD",10,14,1,1,"BIG10","BIG10",NA,NA
"USF","RICE",49,14,1,1,"AMERICAN","AMERICAN",NA,NA
"ILL","NU",7,14,1,1,"BIG10","BIG10",NA,NA
"NCSU","UNC",23,14,1,1,"ACC","ACC",NA,NA
"NEV","UNLV",-25,14,1,1,"MTNWEST","MTNWEST",NA,NA
"SJSU","FRES",-27,14,1,1,"MTNWEST","MTNWEST",NA,NA
"HAW","WYO",20,14,1,1,"MTNWEST","MTNWEST",NA,NA
"TULN","UNT",13,15,1,1,"AMERICAN","AMERICAN",20,24
"JMU","TROY",17,15,1,1,"SUNBELT","SUNBELT",25,NA
"JVST","KENN",-4,15,1,1,"cUSA","cUSA",NA,NA
"BOIS","UNLV",17,15,1,1,"MTNWEST","MTNWEST",NA,NA
"OSU","IU",-3,15,1,1,"BIG10","BIG10",1,2
"ALA","UGA",-21,15,1,1,"SEC","SEC",9,3
"TTU","BYU",27,15,1,1,"BIG12","BIG12",4,11
"UVA","DUKE",-7,15,1,1,"ACC","ACC",17,NA
"WMU","M-OH",10,15,1,1,"MAC","MAC",NA,NA
